sequence,method,frames,voxel_m,max_correspondence_m,ate_rmse_m,rpe_delta_1_translation_rmse_m,rpe_delta_1_rotation_rmse_deg,rpe_delta_30_translation_rmse_m,rpe_delta_30_rotation_rmse_deg,end_to_end_mean_ms,end_to_end_p95_ms,fps_from_mean,rss_peak_bytes,accepted_pairs,rejected_pairs,association_protocol,quality_protocol,summary_path
fr1_desk,frame_to_frame_point_to_point_icp,573,0.05,0.08,0.42843342719536637,0.014485174060882094,1.0368208330934297,0.27403527278423906,13.872114108884979,25.1583505300416,53.35572499990349,39.74823384410276,141832192,566,6,one_to_one_minimum_offset_greedy_v2,shared_nearest_neighbor_v2: final-transform source-to-target; gated correspondence ratio and inlier RMSE; all-source-point RMSE for residual rejection,results/multi_sequence_one_to_one_quality_v2/summaries/fr1_desk/numpy_point_to_point/summary.json
fr1_desk,identity_no_motion_baseline,573,N/A,N/A,0.8714043201981037,0.017881827514120457,1.472225359639499,0.47393664108252836,26.532637708200934,N/A,N/A,N/A,N/A,N/A,N/A,one_to_one_minimum_offset_greedy_v2,N/A,results/multi_sequence_one_to_one_quality_v2/summaries/fr1_desk/numpy_point_to_point/summary.json
fr1_desk,open3d_point_to_plane_icp,573,0.05,0.08,0.22578811615535624,0.009722077736501859,1.0065159631740592,0.11246465206792441,6.865630629868273,26.75428621909692,31.379350000065642,37.37718853012086,222629888,566,6,one_to_one_minimum_offset_greedy_v2,shared_nearest_neighbor_v2: final-transform source-to-target; gated correspondence ratio and inlier RMSE; all-source-point RMSE for residual rejection,results/multi_sequence_one_to_one_quality_v2/summaries/fr1_desk/open3d_point_to_plane/summary.json
fr1_desk2,frame_to_frame_point_to_point_icp,612,0.05,0.08,0.551095983389412,0.019082945467801753,1.3232302389417843,0.3393172861022492,17.856285576384884,30.06941047297266,58.053889999860075,33.25638861123772,145920000,592,19,one_to_one_minimum_offset_greedy_v2,shared_nearest_neighbor_v2: final-transform source-to-target; gated correspondence ratio and inlier RMSE; all-source-point RMSE for residual rejection,results/multi_sequence_one_to_one_quality_v2/summaries/fr1_desk2/numpy_point_to_point/summary.json
fr1_desk2,identity_no_motion_baseline,612,N/A,N/A,0.9708024545882038,0.01893687982083133,1.904155882557011,0.5059392816346946,34.4639049695273,N/A,N/A,N/A,N/A,N/A,N/A,one_to_one_minimum_offset_greedy_v2,N/A,results/multi_sequence_one_to_one_quality_v2/summaries/fr1_desk2/numpy_point_to_point/summary.json
fr1_desk2,open3d_point_to_plane_icp,612,0.05,0.08,0.39191513252861715,0.01053887517261755,1.1250481425782304,0.1214928995062368,8.756932619882313,27.643129173690273,32.140319999871274,36.17535459595376,230649856,593,18,one_to_one_minimum_offset_greedy_v2,shared_nearest_neighbor_v2: final-transform source-to-target; gated correspondence ratio and inlier RMSE; all-source-point RMSE for residual rejection,results/multi_sequence_one_to_one_quality_v2/summaries/fr1_desk2/open3d_point_to_plane/summary.json
fr1_xyz,frame_to_frame_point_to_point_icp,790,0.05,0.08,0.18048321392333305,0.011009237720840094,0.5792930920924636,0.2136584152558423,5.275479520661608,17.767344791663458,30.69145999983219,56.283030003965806,153362432,768,21,one_to_one_minimum_offset_greedy_v2,shared_nearest_neighbor_v2: final-transform source-to-target; gated correspondence ratio and inlier RMSE; all-source-point RMSE for residual rejection,results/multi_sequence_one_to_one_quality_v2/summaries/fr1_xyz/numpy_point_to_point/summary.json
fr1_xyz,identity_no_motion_baseline,790,N/A,N/A,0.18622666309072422,0.011286277657906347,0.6786528200516773,0.2746072616147995,10.627457367639943,N/A,N/A,N/A,N/A,N/A,N/A,one_to_one_minimum_offset_greedy_v2,N/A,results/multi_sequence_one_to_one_quality_v2/summaries/fr1_xyz/numpy_point_to_point/summary.json
fr1_xyz,open3d_point_to_plane_icp,790,0.05,0.08,0.05894712292130219,0.005687380206811131,0.550880222059039,0.046375058262635487,2.7053356989807757,27.439250065183735,30.414830000154325,36.444144706011805,240594944,767,22,one_to_one_minimum_offset_greedy_v2,shared_nearest_neighbor_v2: final-transform source-to-target; gated correspondence ratio and inlier RMSE; all-source-point RMSE for residual rejection,results/multi_sequence_one_to_one_quality_v2/summaries/fr1_xyz/open3d_point_to_plane/summary.json
