source_keyframe_id,target_keyframe_id,source_frame_index,target_frame_index,candidate_mode,descriptor_similarity,estimated_candidate_distance_m,estimated_candidate_rotation_deg,global_fitness,global_inlier_rmse_m,refined_fitness,refined_inlier_rmse_m,shared_correspondences,shared_correspondence_ratio,shared_inlier_rmse_m,shared_all_point_rmse_m,odometry_consistency_translation_m,odometry_consistency_rotation_deg,accepted,decision_reason,gt_translation_error_m,gt_rotation_error_deg,posthoc_gt_label,registration_runtime_s
92,106,512,618,pose,N/A,0.0031863190293562275,2.0875976198574944,0.8719646799116998,0.025997545751050254,0.890728476821192,0.024949785450446463,807,0.890728476821192,0.024949785450446457,0.09223648083015666,0.034873913610460605,1.3848671810573656,True,accepted,0.0037978986626444958,0.7223805344120784,correct,0.014479899999059853
86,100,471,569,pose,N/A,0.01067311811772392,7.729598336222189,0.9367631296891747,0.0387204927799141,0.9646302250803859,0.02599775620230252,900,0.9646302250803859,0.025997756202302515,0.03160831707231,0.03310915434290526,1.1920768209995587,True,accepted,0.009901859883405325,0.4030033391809336,correct,0.02790149999964342
0,18,0,89,pose,N/A,0.011842226222048481,3.1292060568394677,0.9844479004665629,0.026820228440428712,0.9883359253499222,0.024836619546824985,1271,0.9883359253499222,0.024836619546824985,0.027010482240760032,0.02217684177082158,1.6979121946697613,True,accepted,0.011788550180477614,2.0097079545477015,correct,0.03138080000098853
3,73,11,400,pose,N/A,0.01207632969764047,5.296326451127348,0.9358669833729216,0.023972559485505033,0.9441805225653207,0.023705975731574302,795,0.9441805225653207,0.023705975731574316,0.11252508962052923,0.053646106322119795,3.367252681683541,True,accepted,0.005626689840683947,2.063555933741577,correct,0.010807299999214592
89,99,497,564,pose,N/A,0.013305024070320512,5.314795705304899,0.9689234184239733,0.029035524407720028,0.9811320754716981,0.02596474499738683,884,0.9811320754716981,0.025964744997387067,0.030203057248947264,0.035639565881347826,0.6040713402593825,True,accepted,0.0156120758312444,0.5136601598860123,correct,0.03014190000067174
99,115,564,678,pose,N/A,0.013545157626541085,1.213713785324465,0.9780775716694773,0.030127103899023105,0.9814502529510961,0.027661456817658973,1164,0.9814502529510961,0.02766145681765894,0.03673898715317686,0.023226892456341956,1.1492780197955148,True,accepted,0.008857532757709565,0.32675202869559167,correct,0.026596300000164774
3,21,11,100,pose,N/A,0.014799954873743316,2.2005315789537265,0.994061757719715,0.030644811274688287,0.998812351543943,0.02353926077511013,841,0.998812351543943,0.02353926077511015,0.023725483456073206,0.017321881590714187,1.6414494851423225,True,accepted,0.013953022245071025,0.5923949849545133,correct,0.013790499999231542
2,62,8,340,pose,N/A,0.0156400798077366,1.8595128515366086,0.9636184857423795,0.033736802626248646,0.9508357915437562,0.02729261778049986,967,0.9508357915437562,0.02729261778049983,0.04271102302308335,0.051631108422187634,1.1363149459737243,True,accepted,0.016521577569399055,1.3187769473285735,correct,0.017428099999960978
102,116,596,684,pose,N/A,0.017342557051056775,3.1977553862205332,0.981998199819982,0.027442577720739502,0.981998199819982,0.0260259942936869,1091,0.981998199819982,0.026025994293686922,0.0406667467701055,0.025055024981542596,1.2593598814412337,True,accepted,0.009928198889284463,1.6212087581401957,correct,0.020245000001523294
99,119,564,709,pose,N/A,0.018368372163028387,1.9425174001774648,0.9747048903878583,0.031517953560046094,0.9932546374367622,0.027111949316869232,1178,0.9932546374367622,0.027111949316869204,0.02808603147754086,0.01845043877312795,0.569001592864019,True,accepted,0.012491689035706256,1.0351069061490492,correct,0.023853000000599422
89,103,497,601,pose,N/A,0.018814732489701873,2.15680456443027,0.9711431742508324,0.03313044345209487,0.9800221975582686,0.023863346988232288,883,0.9800221975582686,0.023863346988232313,0.028682908148199043,0.04433348252568233,1.2917299295233817,True,accepted,0.007910472142915745,0.5273132712002238,correct,0.021213699999862
71,97,395,552,pose,N/A,0.01971978801780654,4.714656860368861,0.9724454649827784,0.03042005552412731,0.9896670493685419,0.02589815921376283,862,0.9896670493685419,0.02589815921376289,0.02801503373898988,0.03620118741585501,0.3511303840614601,True,accepted,0.023868510583901704,1.748875583663543,correct,0.03491050000047835
36,58,190,324,pose,N/A,0.022007634717070134,3.8656245456141125,0.8323563892145369,0.029906030170301173,0.8335287221570926,0.028938014718734344,711,0.8335287221570926,0.02893801471873435,0.08679453019024741,0.061523460454930866,1.2641131354294857,True,accepted,0.030347074494232625,2.9106076876325933,correct,0.01601709999886225
71,91,395,507,pose,N/A,0.02215405097090052,2.25082964945031,0.9931113662456946,0.023383458359014057,0.9965556831228473,0.023819851788432943,868,0.9965556831228473,0.023819851788432926,0.02439209435525358,0.011098049849240246,0.35860370263723557,True,accepted,0.014226341295265404,1.6890262584100069,correct,0.018802399999913177
91,113,507,670,pose,N/A,0.024698879480766826,1.9861253161710815,0.984504132231405,0.0285632276941422,0.9886363636363636,0.026377099065118384,957,0.9886363636363636,0.02637709906511839,0.028841240547412723,0.05261726088604926,1.6183044920270993,True,accepted,0.014081674148903751,0.6034446640574921,correct,0.031198299999232404
96,111,546,661,pose,N/A,0.02484443140285136,3.5247315747233103,0.806378132118451,0.023754028888238278,0.8029612756264237,0.02183835246970892,705,0.8029612756264237,0.02183835246970892,0.13172244353870124,0.029247623328144554,1.1350446613672727,False,shared_all_point_rmse>0.12,0.0070076160221066285,0.44423374878371785,correct,0.014451200000621611
3,29,11,141,pose,N/A,0.024865338403631213,2.6700582967081545,0.9133016627078385,0.026680583582740256,0.9311163895486936,0.02187921470748723,784,0.9311163895486936,0.02187921470748721,0.15407689194621135,0.020264195019446107,0.8688715350242313,False,shared_all_point_rmse>0.12,0.028726613547886075,1.2144687328011983,correct,0.02516470000045956
71,83,395,455,pose,N/A,0.02780760544417011,2.0210013115135377,0.9322617680826636,0.024576582800055265,0.9345579793340988,0.023418687747629285,814,0.9345579793340988,0.023418687747629285,0.06766389409225114,0.0042041745795243736,0.44860915771821164,True,accepted,0.025371534101177703,1.3271643784637392,correct,0.01655440000104136
2,51,8,278,pose,N/A,0.034145911467281256,3.5918882282613915,0.7463126843657817,0.030683087231874007,0.7777777777777778,0.024676943781603913,791,0.7777777777777778,0.02467694378160392,0.2498216164176866,0.08051445809338609,2.2606245579132316,False,shared_all_point_rmse>0.12; consistency_translation>0.08,0.04106642387936289,1.9933497567602203,correct,0.018302600001334213
12,30,57,146,pose,N/A,0.03431260253517984,2.5055276466085807,0.9266304347826086,0.028798918649194327,0.9329710144927537,0.027730431094236892,1030,0.9329710144927537,0.027730431094236927,0.03952000427110246,0.047719588260726635,1.2180406583022418,True,accepted,0.010156997724297892,0.3668689924067328,correct,0.024582699999882607
46,65,244,354,pose,N/A,0.0358952054748449,9.9245249840748,0.7183823529411765,0.0363184113887048,0.7227941176470588,0.029137840998204788,983,0.7227941176470588,0.029137840998204805,0.14373007943749186,0.04662945386368825,1.4352102710683043,False,shared_all_point_rmse>0.12,0.02162716302769349,1.571694822778731,correct,0.04135599999972328
71,121,395,719,pose,N/A,0.03716410318805981,2.0142656602978706,0.8346727898966705,0.03866021479393181,0.9138920780711826,0.02497783118769277,796,0.9138920780711826,0.024977831187692777,0.0736424612934252,0.05087114923137979,1.0857063467762615,True,accepted,0.019228077437714545,1.3744302132357817,correct,0.01582309999866993
0,31,0,151,pose,N/A,0.037297171580420986,2.6813353827526565,0.963452566096423,0.033289765138744924,0.9657853810264385,0.029691204204200794,1242,0.9657853810264385,0.029691204204200794,0.040347634303616,0.06659702630628928,1.2864848903391117,True,accepted,0.058100045228135964,1.5152075202652695,incorrect,0.0292053000011947
3,81,11,438,pose,N/A,0.0382301678424077,6.434740188322022,0.7874109263657957,0.028051067286429778,0.7885985748218527,0.026184655176427776,664,0.7885985748218527,0.026184655176427766,0.3719440842050029,0.045567985012787804,2.89397287628349,False,shared_all_point_rmse>0.12,0.013143391759700394,1.2745672189453907,correct,0.012236599999596365
112,122,666,726,pose,N/A,0.03908640746088359,4.307277905795548,0.7155858930602957,0.03048245653375172,0.732650739476678,0.02756873565350815,644,0.732650739476678,0.027568735653508186,0.17976988908466024,0.012229039676386238,0.730833942974441,False,shared_all_point_rmse>0.12,0.01343937652706724,1.6515031313407937,correct,0.015982000000803964
6,26,24,129,pose,N/A,0.03960610088109184,4.546331326048055,0.8539325842696629,0.031239629673811355,0.8603531300160514,0.0252982190038553,536,0.8603531300160514,0.025298219003855343,0.08179833716713476,0.03162295226943884,0.7831198587007867,True,accepted,0.02933521592694326,1.487628531723496,correct,0.011725700000170036
35,55,186,293,pose,N/A,0.0408347974690116,3.229819527402982,0.8012486992715921,0.035460146930311916,0.8792924037460979,0.027899527925429258,845,0.8792924037460979,0.02789952792542926,0.0671219944222739,0.06293416182026818,1.3513442189357618,True,accepted,0.014564973534478108,0.4144944491950065,correct,0.01916979999987234
82,124,442,789,pose,N/A,0.04133320134565889,3.8269829419512256,0.8633802816901408,0.029861587734299744,0.852112676056338,0.02479300332929777,605,0.852112676056338,0.02479300332929779,0.0584419901015745,0.07914003913137818,1.8751159247489662,True,accepted,0.017034105849092155,1.0914806690837822,correct,0.010299300000042422
1,42,3,224,pose,N/A,0.04174627929025731,4.9670026996710535,0.7677029360967185,0.026771678918153637,0.7823834196891192,0.024796287666431605,906,0.7823834196891192,0.024796287666431605,0.22428650847798476,0.0608943473763882,2.267035124702738,False,shared_all_point_rmse>0.12,0.019597197507260366,1.8109003176161897,correct,0.0244314999999915
40,54,213,289,pose,N/A,0.04230584814049675,2.692606943491443,0.9519331243469175,0.027141866459649673,0.9592476489028213,0.02452319086957431,918,0.9592476489028213,0.0245231908695743,0.04184845409470342,0.060906201176607035,1.6678629755690633,True,accepted,0.02808811060795422,1.929460999943446,correct,0.01812459999928251
