processed_frame,rgb_stamp_s,depth_stamp_s,rgb_depth_offset_s,rgb_received,depth_received,unsynchronized_or_pending,status,point_count,correspondences,rmse_m,callback_latency_ms,process_peak_rss_bytes
1,1305031102.18,1305031102.16,0.0148968696594,2,2,1,"initialized",1286,0,,4.528688,81719296
2,1305031102.21,1305031102.23,0.0155239105225,3,2,0,"ok",1294,1287,0.0325470604928,8.904625,81719296
3,1305031102.24,1305031102.23,0.0164730548859,4,4,1,"ok",1294,1294,5.16328800461e-16,1.877896,82169856
4,1305031102.28,1305031102.26,0.0124399662018,5,5,1,"ok",1181,1178,0.0221482505412,4.815401,82169856
5,1305031102.31,1305031102.3,0.0159878730774,6,6,1,"ok",1158,1158,0.022136210569,5.158399,82190336
6,1305031102.34,1305031102.33,0.0140380859375,7,7,1,"ok",1047,1046,0.0210044194787,5.097057,82190336
7,1305031102.38,1305031102.36,0.0123159885406,8,8,1,"ok",1067,1067,0.019927076554,3.235315,82354176
8,1305031102.41,1305031102.39,0.0164859294891,9,9,1,"ok",1031,1025,0.0444567351037,2.442538,82354176
9,1305031102.44,1305031102.43,0.0154559612274,10,10,1,"ok",1005,1004,0.0217877734643,3.35777,82354176
10,1305031102.48,1305031102.46,0.012923002243,11,11,1,"ok",1017,1010,0.0577444607205,5.863263,82354176
11,1305031102.51,1305031102.53,0.0151109695435,12,11,0,"ok",930,930,0.0198681333925,4.058889,82354176
12,1305031102.54,1305031102.53,0.0168900489807,13,13,1,"ok",930,930,9.12556126027e-16,1.424962,82354176
13,1305031102.58,1305031102.56,0.0130620002747,14,14,1,"ok",883,883,0.0186952611177,2.865136,82354176
14,1305031102.61,1305031102.63,0.0155849456787,15,14,0,"ok",842,841,0.0204932391417,3.63619,82354176
15,1305031102.64,1305031102.63,0.0164470672607,16,16,1,"ok",842,842,2.36376316086e-16,1.375737,82354176
16,1305031102.68,1305031102.66,0.0120120048523,17,17,1,"ok",794,792,0.0163988249432,1.667719,82354176
17,1305031102.71,1305031102.7,0.0160980224609,18,18,1,"ok",779,779,0.0178722852173,2.233412,82354176
18,1305031102.74,1305031102.73,0.0148108005524,19,19,1,"ok",747,746,0.0184325820203,2.120442,82354176
19,1305031102.78,1305031102.76,0.0119228363037,20,20,1,"ok",791,791,0.0190983176634,2.234734,82354176
20,1305031102.81,1305031102.79,0.0162541866302,21,21,1,"ok",765,765,0.0175005057847,2.386513,82354176
21,1305031102.84,1305031102.83,0.0147531032562,22,22,1,"ok",698,698,0.0187562966394,2.506575,82354176
22,1305031102.88,1305031102.86,0.0125551223755,23,23,1,"ok",718,718,0.0178276644546,1.810413,82354176
23,1305031102.91,1305031102.93,0.0156660079956,24,23,0,"ok",679,679,0.0175873429524,2.644994,82354176
24,1305031102.94,1305031102.93,0.0163779258728,25,25,1,"ok",679,679,2.94904570944e-16,1.261655,82370560
25,1305031102.98,1305031102.96,0.0130660533905,26,26,1,"ok",649,649,0.0165485749772,1.987782,82370560
26,1305031103.01,1305031103.03,0.0166659355164,27,26,0,"ok",653,649,0.0258320503873,2.489338,82370560
27,1305031103.04,1305031103.03,0.0153460502625,28,28,1,"ok",653,653,3.71890488854e-16,1.211169,82370560
28,1305031103.08,1305031103.06,0.0130460262299,29,29,1,"ok",632,632,0.0156661038862,1.573666,82370560
29,1305031103.11,1305031103.09,0.0171999931335,30,30,1,"ok",623,623,0.0127653819985,1.641429,82370560
30,1305031103.14,1305031103.13,0.0142090320587,31,31,1,"ok",623,619,0.0301337625756,1.33126,82370560
31,1305031103.18,1305031103.16,0.0126569271088,32,32,1,"ok",594,594,0.0148711951669,2.150467,82370560
32,1305031103.21,1305031103.23,0.0166249275208,33,32,0,"ok",581,581,0.0159007393417,1.775591,82370560
33,1305031103.24,1305031103.23,0.0153710842133,34,34,1,"ok",581,581,4.27466020551e-16,1.118529,82370560
34,1305031103.28,1305031103.26,0.0127937793732,35,35,1,"ok",545,545,0.01470265959,1.426834,82370560
35,1305031103.31,1305031103.33,0.0163400173187,36,35,0,"ok",531,531,0.0184878456525,2.279803,82370560
36,1305031103.34,1305031103.33,0.015673160553,37,37,1,"ok",531,531,3.74637477969e-16,1.048924,82370560
37,1305031103.38,1305031103.36,0.0129220485687,38,38,1,"ok",511,511,0.00923910839046,1.054482,82370560
38,1305031103.41,1305031103.39,0.0170979499817,39,39,1,"ok",503,503,0.01443894793,1.207964,82370560
39,1305031103.44,1305031103.43,0.0148429870605,40,40,1,"ok",502,502,0.00843056983101,1.059009,82370560
40,1305031103.48,1305031103.46,0.0113880634308,41,41,1,"ok",519,519,0.0124574057423,1.157317,82370560
41,1305031103.51,1305031103.49,0.0168609619141,42,42,1,"ok",525,524,0.0152536329948,1.196847,82370560
42,1305031103.54,1305031103.53,0.01194190979,43,43,1,"ok",536,536,0.0151546493886,1.203217,82370560
43,1305031103.58,1305031103.56,0.0128231048584,44,44,1,"ok",544,544,0.0153798871544,1.258731,82370560
44,1305031103.61,1305031103.6,0.0159130096436,45,45,1,"rejected_high_rmse_0.1709",570,566,0.170861409374,1.424331,82370560
45,1305031103.64,1305031103.63,0.0120689868927,46,46,1,"ok",615,615,0.0188052515068,1.450861,82370560
46,1305031103.68,1305031103.66,0.0119290351868,47,47,1,"ok",644,642,0.0212608971109,1.616922,82370560
47,1305031103.71,1305031103.69,0.0169150829315,48,48,1,"ok",662,662,0.0206901831565,1.799156,82370560
48,1305031103.74,1305031103.73,0.0117838382721,49,49,1,"ok",679,678,0.0196957078621,1.909163,82370560
49,1305031103.78,1305031103.76,0.0124769210815,50,50,1,"ok",734,718,0.117573003417,1.970536,82370560
50,1305031103.81,1305031103.79,0.0169131755829,51,51,1,"ok",727,727,0.0204882302413,1.979689,82370560
51,1305031103.84,1305031103.83,0.0128839015961,52,52,1,"ok",742,740,0.0201165766008,1.883484,82370560
52,1305031103.88,1305031103.86,0.0129818916321,53,53,1,"ok",760,751,0.0519578876765,1.910004,82370560
53,1305031103.91,1305031103.89,0.0169839859009,54,54,1,"ok",774,773,0.0224849125464,2.279462,82370560
54,1305031103.94,1305031103.93,0.0127081871033,55,55,1,"ok",818,816,0.024121426443,3.092129,82370560
55,1305031103.98,1305031103.96,0.0129120349884,56,56,1,"ok",853,842,0.0405062235663,2.605314,82370560
56,1305031104.01,1305031103.99,0.0168669223785,57,57,1,"ok",921,917,0.0254713239461,2.080441,82370560
57,1305031104.04,1305031104.03,0.0129699707031,58,58,1,"ok",913,906,0.0267590209732,2.769321,82370560
58,1305031104.08,1305031104.06,0.0128829479218,59,59,1,"ok",981,966,0.0715543823677,3.23189,82370560
59,1305031104.11,1305031104.1,0.0159299373627,60,60,1,"ok",990,975,0.043950531832,2.699116,82370560
60,1305031104.14,1305031104.13,0.0119378566742,61,61,1,"ok",1020,1007,0.0395265173943,3.402147,82370560
61,1305031104.18,1305031104.16,0.0119841098785,62,62,1,"ok",1053,1034,0.0369407663724,3.432914,82370560
62,1305031104.21,1305031104.23,0.0159640312195,63,62,0,"ok",1104,1093,0.0609866221282,5.962524,82370560
63,1305031104.24,1305031104.23,0.015949010849,64,64,1,"ok",1104,1104,1.19816732563e-15,1.64205,82370560
64,1305031104.28,1305031104.26,0.0122110843658,65,65,1,"ok",1131,1127,0.0252205968412,3.997206,82370560
65,1305031104.31,1305031104.29,0.0162620544434,66,66,1,"ok",1159,1156,0.0253507059792,3.923154,82370560
66,1305031104.34,1305031104.33,0.0119390487671,67,67,1,"ok",1205,1204,0.0249802295983,4.379222,82370560
67,1305031104.38,1305031104.36,0.0124921798706,68,68,1,"ok",1215,1203,0.0426993709574,4.301746,82370560
68,1305031104.41,1305031104.4,0.016489982605,69,69,1,"ok",1216,1211,0.0258954249793,3.545233,82370560
69,1305031104.44,1305031104.43,0.01185297966,70,70,1,"ok",1255,1238,0.0900570532404,3.978557,82370560
70,1305031104.48,1305031104.46,0.0120429992676,71,71,1,"ok",1233,1231,0.0211305055094,2.768981,82370560
71,1305031104.51,1305031104.5,0.0156559944153,72,72,1,"ok",1245,1245,0.0221968345931,3.046591,82370560
72,1305031104.54,1305031104.53,0.0119180679321,73,73,1,"ok",1315,1311,0.0258962764802,3.625755,82370560
73,1305031104.58,1305031104.56,0.0121939182281,74,74,1,"ok",1399,1394,0.0292321589236,6.75543,82370560
74,1305031104.61,1305031104.6,0.016303062439,75,75,1,"ok",1447,1442,0.0265325301772,5.703392,82370560
75,1305031104.64,1305031104.63,0.0118751525879,76,76,1,"ok",1565,1547,0.0397419791727,7.266413,82370560
76,1305031104.68,1305031104.66,0.0156619548798,77,77,1,"ok",1622,1608,0.0424947760337,11.081693,82370560
77,1305031104.71,1305031104.7,0.0160920619965,78,78,1,"ok",1683,1669,0.0353207211593,12.815692,82370560
78,1305031104.74,1305031104.73,0.0123438835144,79,79,1,"ok",1781,1779,0.0319814584852,12.699937,82370560
79,1305031104.78,1305031104.76,0.0121488571167,80,80,1,"ok",1870,1865,0.0315904189808,14.234504,82370560
80,1305031104.81,1305031104.8,0.0119659900665,81,81,1,"ok",1952,1948,0.0312122599775,24.257869,82370560
81,1305031104.84,1305031104.83,0.0122969150543,82,82,1,"ok",1990,1984,0.0346188486214,27.447586,82370560
82,1305031104.88,1305031104.86,0.0120940208435,83,83,1,"ok",2111,2100,0.0352493385424,25.435717,82370560
83,1305031104.91,1305031104.9,0.0123691558838,84,84,1,"ok",2097,2082,0.0340528495388,11.836043,82370560
84,1305031104.94,1305031104.93,0.0121710300446,85,85,1,"ok",2067,2064,0.0244335135392,6.086621,82370560
85,1305031104.98,1305031104.96,0.0154521465302,86,86,1,"ok",2051,2046,0.0218721910769,5.507316,82370560
86,1305031105.01,1305031105,0.0129480361938,87,87,1,"ok",2077,2074,0.0224808681547,6.05889,82370560
87,1305031105.04,1305031105.03,0.0129461288452,88,88,1,"ok",2053,2048,0.025880047318,9.285401,82370560
88,1305031105.08,1305031105.06,0.0128750801086,89,89,1,"ok",1994,1994,0.0242776950221,16.063316,82370560
89,1305031105.11,1305031105.1,0.013659954071,90,90,1,"ok",1953,1946,0.0268333247837,11.52972,82370560
90,1305031105.14,1305031105.13,0.012836933136,91,91,1,"ok",1907,1907,0.0246997086608,7.637583,82370560
91,1305031105.18,1305031105.16,0.0151798725128,92,92,1,"ok",1816,1811,0.0278867970527,9.613667,82370560
92,1305031105.21,1305031105.2,0.0130560398102,93,93,1,"ok",1733,1725,0.033825711328,16.119541,82370560
93,1305031105.24,1305031105.23,0.0150198936462,94,94,1,"ok",1631,1627,0.0279848430416,11.730182,82370560
94,1305031105.28,1305031105.26,0.0128991603851,95,95,1,"ok",1578,1574,0.0316895265232,15.536961,82370560
95,1305031105.31,1305031105.3,0.0127890110016,96,96,1,"ok",1484,1480,0.0270365784069,11.883895,82370560
96,1305031105.34,1305031105.33,0.0144240856171,97,97,1,"ok",1403,1402,0.025886464515,10.454767,82370560
97,1305031105.38,1305031105.36,0.0130519866943,98,98,1,"ok",1277,1271,0.0283193771707,10.0796,82370560
98,1305031105.41,1305031105.4,0.0130951404572,99,99,1,"ok",1246,1237,0.0510863982452,7.309346,82370560
99,1305031105.44,1305031105.43,0.0129799842834,100,100,1,"ok",1202,1199,0.0291201787225,6.338651,82370560
100,1305031105.48,1305031105.46,0.0138590335846,101,101,1,"ok",1143,1142,0.0232554133388,4.140592,82370560
101,1305031105.51,1305031105.5,0.0134010314941,102,102,1,"ok",1111,1111,0.0238237675719,5.162896,82370560
102,1305031105.54,1305031105.53,0.013699054718,103,103,1,"ok",1047,1042,0.0254713762173,3.733047,82370560
103,1305031105.58,1305031105.56,0.0133399963379,104,104,1,"ok",1003,1003,0.0213849601474,2.905457,82370560
104,1305031105.61,1305031105.6,0.0141849517822,105,105,1,"ok",982,981,0.0224020371242,2.58251,82370560
105,1305031105.64,1305031105.66,0.0158309936523,106,105,0,"ok",918,918,0.0219182850055,2.922382,82370560
106,1305031105.68,1305031105.66,0.0160617828369,107,107,1,"ok",918,918,6.92453468393e-16,1.296898,82370560
107,1305031105.71,1305031105.7,0.0130739212036,108,108,1,"ok",909,909,0.0199867174597,2.51662,82370560
108,1305031105.74,1305031105.73,0.0129759311676,109,109,1,"ok",908,907,0.0211129736871,2.733798,82370560
109,1305031105.78,1305031105.76,0.0129549503326,110,110,1,"ok",892,891,0.0198543722964,2.243318,82370560
110,1305031105.81,1305031105.8,0.01322722435,111,111,1,"ok",848,848,0.0199997414714,2.686977,82370560
111,1305031105.84,1305031105.83,0.0132629871368,112,112,1,"ok",797,795,0.0198812829234,2.27148,82370560
112,1305031105.88,1305031105.86,0.0130989551544,113,113,1,"ok",809,808,0.0190369894467,1.983265,82370560
113,1305031105.91,1305031105.9,0.0132441520691,114,114,1,"ok",809,809,0.0188566630863,2.477821,82370560
114,1305031105.94,1305031105.93,0.0134170055389,115,115,1,"ok",760,759,0.0212529966476,1.88025,82370560
115,1305031105.98,1305031105.97,0.00913596153259,116,116,1,"ok",760,758,0.0201533565427,1.928822,82370560
116,1305031106.01,1305031106,0.0130140781403,117,117,1,"ok",695,695,0.0163867133715,2.039129,82370560
117,1305031106.04,1305031106.03,0.0132079124451,118,118,1,"ok",661,661,0.0161246251229,1.82115,82370560
118,1305031106.08,1305031106.07,0.00926995277405,119,119,1,"ok",620,620,0.0148978452892,1.530271,82370560
119,1305031106.11,1305031106.1,0.0150318145752,120,120,1,"ok",573,573,0.013935879448,1.362297,82370560
120,1305031106.14,1305031106.13,0.0129098892212,121,121,1,"ok",569,569,0.0163770370139,1.479464,82370560
121,1305031106.18,1305031106.17,0.00920391082764,122,122,1,"ok",557,557,0.0149925944173,1.358582,82370560
122,1305031106.21,1305031106.2,0.0162010192871,123,123,1,"ok",542,542,0.0144264627961,1.237689,82370560
123,1305031106.24,1305031106.23,0.013209104538,124,124,1,"ok",519,519,0.0140062932007,1.14595,82370560
124,1305031106.28,1305031106.27,0.010409116745,125,125,1,"ok",493,493,0.0124239257163,1.193542,82370560
125,1305031106.31,1305031106.3,0.0130641460419,126,126,1,"ok",498,498,0.013780558611,1.43739,82370560
126,1305031106.34,1305031106.33,0.0130429267883,127,127,1,"ok",495,495,0.0137440193379,1.187423,82370560
127,1305031106.38,1305031106.37,0.00922989845276,128,128,1,"ok",494,494,0.0137494325498,1.219431,82370560
128,1305031106.41,1305031106.4,0.0130388736725,129,129,1,"ok",470,470,0.0148803326632,1.625134,82370560
129,1305031106.44,1305031106.43,0.0126390457153,130,130,1,"ok",434,434,0.0117428002945,1.075274,82370560
130,1305031106.48,1305031106.47,0.00929880142212,131,131,1,"ok",413,413,0.00923644281642,0.948402,82370560
131,1305031106.51,1305031106.5,0.013032913208,132,132,1,"ok",425,425,0.0121965164362,0.992538,82370560
132,1305031106.54,1305031106.53,0.0150351524353,133,133,1,"ok",452,452,0.0146078230095,1.068133,82370560
133,1305031106.58,1305031106.56,0.0108680725098,134,134,1,"ok",471,469,0.0207558168149,1.33769,82370560
134,1305031106.61,1305031106.6,0.0132720470428,135,135,1,"ok",467,467,0.0141943714811,1.202215,82370560
135,1305031106.64,1305031106.63,0.0124311447144,136,136,1,"ok",514,514,0.0159583099786,1.295457,82370560
136,1305031106.68,1305031106.67,0.00799679756165,137,137,1,"ok",525,525,0.0144872499507,1.663382,82370560
137,1305031106.71,1305031106.7,0.0123980045319,138,138,1,"ok",522,522,0.0160112546761,1.409668,82370560
138,1305031106.74,1305031106.73,0.0137910842896,139,139,1,"ok",562,562,0.0172872529807,1.492424,82370560
139,1305031106.78,1305031106.77,0.00826382637024,140,140,1,"ok",588,588,0.0171966304065,2.030586,82370560
140,1305031106.81,1305031106.8,0.0129799842834,141,141,1,"ok",623,623,0.0174224956982,1.648649,82370560
141,1305031106.84,1305031106.83,0.0127639770508,142,142,1,"rejected_high_rmse_0.1952",640,633,0.195215535219,2.070446,82370560
142,1305031106.88,1305031106.87,0.00901198387146,143,143,1,"ok",641,641,0.0173852698281,1.78148,82370560
143,1305031106.91,1305031106.9,0.0134148597717,144,144,1,"ok",700,699,0.0212810374975,2.441697,82370560
144,1305031106.94,1305031106.93,0.0126419067383,145,145,1,"ok",687,687,0.0185372172526,1.891446,82370560
145,1305031106.98,1305031106.97,0.00831508636475,146,146,1,"ok",721,720,0.0212231543749,3.014181,82370560
146,1305031107.01,1305031107,0.012699842453,147,147,1,"ok",782,764,0.100045413329,2.327124,82370560
147,1305031107.04,1305031107.03,0.0129330158234,148,148,1,"ok",796,796,0.0222033789234,2.264619,82370560
148,1305031107.08,1305031107.07,0.00902700424194,149,149,1,"ok",834,831,0.0211109307607,2.676221,82370560
149,1305031107.11,1305031107.1,0.0129609107971,150,150,1,"ok",859,851,0.0343172998383,2.697132,82370560
150,1305031107.14,1305031107.13,0.0129520893097,151,151,1,"ok",892,859,0.111801548805,2.235415,82370560
151,1305031107.18,1305031107.17,0.00943517684937,152,152,1,"ok",955,947,0.0275865905969,3.667849,82370560
152,1305031107.21,1305031107.2,0.0131499767303,153,153,1,"ok",912,906,0.0254876655903,3.139911,82370560
153,1305031107.24,1305031107.24,0.00835204124451,154,154,1,"ok",1019,1003,0.0711244942996,3.303829,82370560
154,1305031107.28,1305031107.27,0.0083270072937,155,155,1,"ok",1041,1041,0.0245681732818,2.895152,82370560
155,1305031107.31,1305031107.3,0.0119528770447,156,156,1,"ok",1160,1156,0.0291086450224,4.09269,82370560
156,1305031107.34,1305031107.33,0.00870895385742,157,157,1,"ok",1135,1123,0.0495808510923,4.279162,82370560
157,1305031107.38,1305031107.37,0.00822997093201,158,158,1,"ok",1229,1185,0.115581635975,5.904216,82370560
158,1305031107.41,1305031107.4,0.0119261741638,159,159,1,"ok",1302,1291,0.0347153016176,5.071518,82370560
159,1305031107.44,1305031107.43,0.00849294662476,160,160,1,"ok",1387,1373,0.0391778093199,6.287184,82370560
160,1305031107.48,1305031107.47,0.00823616981506,161,161,1,"ok",1425,1420,0.0318328243877,6.245782,82370560
161,1305031107.51,1305031107.5,0.0129261016846,162,162,1,"ok",1433,1428,0.0270780267415,6.860259,82370560
162,1305031107.54,1305031107.53,0.00877499580383,163,163,1,"ok",1422,1413,0.0255625929943,3.750694,82370560
163,1305031107.58,1305031107.57,0.00843906402588,164,164,1,"ok",1389,1382,0.0298329321438,3.72216,82370560
164,1305031107.61,1305031107.6,0.0123670101166,165,165,1,"ok",1379,1376,0.0211653553855,2.947731,82370560
165,1305031107.64,1305031107.63,0.00837898254395,166,166,1,"ok",1379,1376,0.0217254705155,2.76804,82370560
166,1305031107.68,1305031107.67,0.00838899612427,167,167,1,"ok",1356,1352,0.024590227994,2.951667,82370560
167,1305031107.71,1305031107.7,0.0119171142578,168,168,1,"ok",1311,1306,0.02354391929,3.133992,82370560
168,1305031107.74,1305031107.74,0.0084969997406,169,169,1,"ok",1291,1286,0.0205537397451,2.634047,82370560
169,1305031107.78,1305031107.77,0.00790691375732,170,170,1,"ok",1305,1304,0.023063608348,3.21854,82370560
170,1305031107.81,1305031107.8,0.012051820755,171,171,1,"ok",1281,1279,0.022720623861,3.041282,82370560
171,1305031107.84,1305031107.84,0.00758099555969,172,172,1,"ok",1238,1234,0.024078912222,2.776753,82370560
172,1305031107.88,1305031107.86,0.0118532180786,173,173,1,"ok",1226,1226,0.0199304798155,2.726087,82370560
173,1305031107.91,1305031107.9,0.0123190879822,174,174,1,"ok",1191,1189,0.0184318796047,2.296228,82370560
174,1305031107.94,1305031107.93,0.00951290130615,175,175,1,"ok",1201,1197,0.0225949015131,2.415287,82370560
175,1305031107.98,1305031107.96,0.0109670162201,176,176,1,"ok",1190,1188,0.0219550755141,3.076605,82370560
176,1305031108.01,1305031108,0.0128509998322,177,177,1,"ok",1250,1230,0.0349665816581,4.784254,82370560
177,1305031108.04,1305031108.03,0.00859403610229,178,178,1,"ok",1263,1255,0.0362319723888,3.677954,82370560
178,1305031108.08,1305031108.07,0.00808095932007,179,179,1,"ok",1274,1272,0.0242082556205,7.254023,82370560
179,1305031108.11,1305031108.1,0.0120129585266,180,180,1,"ok",1234,1232,0.0255903303769,7.312973,82370560
180,1305031108.14,1305031108.14,0.00805282592773,181,181,1,"ok",1252,1233,0.0444353920074,8.798225,82370560
181,1305031108.18,1305031108.17,0.00870108604431,182,182,1,"ok",1263,1257,0.0255361490338,3.70892,82370560
182,1305031108.21,1305031108.2,0.0122499465942,183,183,1,"ok",1226,1221,0.0252249025401,3.080461,82370560
183,1305031108.24,1305031108.24,0.00813388824463,184,184,1,"ok",1170,1170,0.0229295474384,4.935372,82370560
184,1305031108.28,1305031108.27,0.00769805908203,185,185,1,"ok",1172,1168,0.0228848722279,2.383509,82370560
185,1305031108.31,1305031108.3,0.011785030365,186,186,1,"ok",1144,1144,0.0205926738709,2.70223,82370560
186,1305031108.34,1305031108.34,0.00825881958008,187,187,1,"ok",1094,1091,0.0277691757638,4.577081,82370560
187,1305031108.38,1305031108.37,0.0081250667572,188,188,1,"ok",1061,1061,0.0189899813129,6.68219,82370560
188,1305031108.41,1305031108.4,0.0120770931244,189,189,1,"ok",1003,1002,0.0195472855953,3.086872,82370560
189,1305031108.44,1305031108.44,0.00858688354492,190,190,1,"ok",985,985,0.0180679543112,2.868482,82370560
190,1305031108.48,1305031108.47,0.00779104232788,191,191,1,"ok",954,954,0.0181809756851,2.122846,82370560
191,1305031108.51,1305031108.5,0.00783014297485,192,192,1,"ok",956,956,0.0181075219047,2.564773,82370560
192,1305031108.54,1305031108.53,0.0089259147644,193,193,1,"ok",933,933,0.0196420831435,2.819788,82370560
193,1305031108.58,1305031108.57,0.00826001167297,194,194,1,"ok",961,959,0.0256165341859,5.023455,82370560
194,1305031108.61,1305031108.6,0.00785994529724,195,195,1,"ok",919,919,0.0219427858139,2.552704,82370560
195,1305031108.64,1305031108.63,0.00909090042114,196,196,1,"ok",903,903,0.0215601882239,2.511142,82370560
196,1305031108.68,1305031108.67,0.00818610191345,197,197,1,"ok",869,869,0.0190834886842,3.311311,82370560
197,1305031108.71,1305031108.7,0.00806498527527,198,198,1,"ok",853,852,0.0224475339177,3.322818,82370560
198,1305031108.74,1305031108.74,0.00844979286194,199,199,1,"ok",819,816,0.0322310537208,3.699135,82370560
199,1305031108.78,1305031108.77,0.00846195220947,200,200,1,"ok",815,815,0.0174796445934,2.309618,82370560
200,1305031108.81,1305031108.8,0.00787401199341,201,201,1,"ok",824,824,0.0167820447876,1.942773,82370560
201,1305031108.84,1305031108.84,0.00810098648071,202,202,1,"ok",800,800,0.0156597544096,1.863835,82370560
202,1305031108.94,1305031108.94,0.00812697410583,203,203,1,"ok",803,801,0.0210167832366,2.057668,82370560
203,1305031108.98,1305031108.97,0.00802278518677,204,204,1,"rejected_high_rmse_0.1318",850,840,0.131823075694,1.946679,82370560
204,1305031109.01,1305031109,0.00820517539978,205,205,1,"ok",860,857,0.0221828158273,2.513115,82370560
205,1305031109.04,1305031109.03,0.00832200050354,206,206,1,"ok",851,844,0.0793408940653,2.070777,82370560
206,1305031109.08,1305031109.07,0.00831890106201,207,207,1,"ok",864,864,0.0163306762138,1.804995,82370560
207,1305031109.11,1305031109.1,0.0079882144928,208,208,1,"ok",869,860,0.0319218565938,2.198149,82370560
208,1305031109.14,1305031109.13,0.00836586952209,209,209,1,"ok",861,861,0.0194079201445,4.01302,82370560
209,1305031109.18,1305031109.17,0.00961589813232,210,210,1,"ok",857,854,0.0223491944843,1.921212,82370560
210,1305031109.21,1305031109.2,0.00799107551575,211,211,1,"ok",895,895,0.0230729442179,3.357981,82370560
211,1305031109.24,1305031109.23,0.00896596908569,212,212,1,"ok",888,888,0.0221194684553,2.352923,82370560
212,1305031109.28,1305031109.27,0.00898289680481,213,213,1,"ok",869,869,0.0205347806413,3.094623,82370560
213,1305031109.31,1305031109.3,0.0078718662262,214,214,1,"ok",889,885,0.036600025365,1.780679,82370560
214,1305031109.34,1305031109.33,0.00864577293396,215,215,1,"ok",918,912,0.0339484816512,2.839367,82370560
215,1305031109.38,1305031109.36,0.0105149745941,216,216,1,"ok",919,919,0.0219099649339,3.414286,82370560
216,1305031109.41,1305031109.4,0.00794291496277,217,217,1,"ok",905,905,0.022111164086,3.186772,82370560
217,1305031109.44,1305031109.43,0.00883293151855,218,218,1,"ok",922,921,0.0237615163121,2.242806,82370560
218,1305031109.48,1305031109.47,0.00800108909607,219,219,1,"ok",919,919,0.0215819104084,3.591873,82370560
219,1305031109.51,1305031109.5,0.00808000564575,220,220,1,"ok",914,912,0.0210651617504,2.614919,82370560
220,1305031109.54,1305031109.54,0.00757884979248,221,221,1,"ok",957,957,0.0175895044614,1.968222,82370560
221,1305031109.58,1305031109.57,0.00791001319885,222,222,1,"ok",994,994,0.0186900531375,2.290839,82370560
222,1305031109.61,1305031109.6,0.00770902633667,223,223,1,"ok",980,979,0.0167339345873,1.866088,82370560
223,1305031109.64,1305031109.64,0.00790596008301,224,224,1,"ok",996,993,0.0197585070531,2.045629,82370560
224,1305031109.68,1305031109.67,0.00769281387329,225,225,1,"ok",986,985,0.0174755821226,2.161534,82370560
225,1305031109.71,1305031109.7,0.00804710388184,226,226,1,"ok",995,992,0.0199606469722,2.176326,82370560
226,1305031109.74,1305031109.74,0.00821495056152,227,227,1,"ok",975,975,0.0214093208211,2.495018,82370560
227,1305031109.78,1305031109.77,0.00780701637268,228,228,1,"ok",967,966,0.0213999841377,3.874691,82370560
228,1305031109.81,1305031109.8,0.00797510147095,229,229,1,"ok",950,949,0.0193139145374,2.300003,82370560
229,1305031109.84,1305031109.83,0.00838613510132,230,230,1,"ok",939,939,0.0187352808454,1.994031,82370560
230,1305031109.88,1305031109.87,0.00403499603271,231,231,1,"ok",942,937,0.0488253190692,2.597893,82370560
231,1305031109.91,1305031109.9,0.0107297897339,232,232,1,"ok",911,906,0.0493480877657,2.295085,82370560
232,1305031109.94,1305031109.93,0.00833916664124,233,233,1,"ok",927,921,0.0241003546167,2.579665,82370560
233,1305031109.98,1305031109.97,0.00504517555237,234,234,1,"ok",903,898,0.0300314805156,2.665155,82370560
234,1305031110.01,1305031110,0.0115990638733,235,235,1,"ok",961,958,0.023833517152,2.991658,82370560
235,1305031110.04,1305031110.03,0.0119428634644,236,236,1,"ok",938,933,0.0259884378791,3.289527,82370560
236,1305031110.08,1305031110.07,0.00719404220581,237,237,1,"ok",930,930,0.0224690948651,2.977957,82370560
237,1305031110.11,1305031110.1,0.00992798805237,238,238,1,"ok",954,954,0.0218168079265,3.162676,82370560
238,1305031110.14,1305031110.13,0.0111148357391,239,239,1,"ok",972,972,0.021178597749,3.419614,82370560
239,1305031110.18,1305031110.17,0.00731801986694,240,240,1,"ok",976,976,0.0208811611478,2.638925,82370560
240,1305031110.21,1305031110.2,0.00847506523132,241,241,1,"ok",965,965,0.0214448556253,2.743283,82370560
241,1305031110.24,1305031110.23,0.00841403007507,242,242,1,"ok",970,969,0.0234810440528,2.146561,82370560
242,1305031110.28,1305031110.27,0.00792694091797,243,243,1,"ok",1024,1024,0.0207136030017,2.698184,82370560
243,1305031110.31,1305031110.3,0.00775599479675,244,244,1,"ok",1051,1049,0.0229641780856,2.878416,82370560
244,1305031110.34,1305031110.33,0.011785030365,245,245,1,"ok",1105,1104,0.0222660831245,3.804164,82370560
245,1305031110.38,1305031110.37,0.00767397880554,246,246,1,"ok",1152,1149,0.0241275267624,3.516921,82370560
246,1305031110.41,1305031110.4,0.00798892974854,247,247,1,"ok",1162,1150,0.042434454827,4.627368,82370560
247,1305031110.44,1305031110.44,0.00761294364929,248,248,1,"ok",1206,1202,0.0250469162134,3.4704,82370560
248,1305031110.48,1305031110.47,0.00874304771423,249,249,1,"ok",1269,1269,0.0269063912024,4.614037,82370560
249,1305031110.51,1305031110.5,0.00889015197754,250,250,1,"ok",1310,1308,0.027030636002,3.805357,82370560
250,1305031110.54,1305031110.53,0.00887584686279,251,251,1,"ok",1349,1348,0.0241837858403,3.655179,82370560
251,1305031110.58,1305031110.57,0.00775003433228,252,252,1,"ok",1360,1353,0.0318388801772,5.677242,82370560
252,1305031110.61,1305031110.6,0.00701785087585,253,253,1,"ok",1355,1354,0.0245914890732,9.332593,82370560
253,1305031110.64,1305031110.64,0.00793313980103,254,254,1,"ok",1382,1382,0.0232617029527,4.284009,82370560
254,1305031110.68,1305031110.67,0.00783085823059,255,255,1,"ok",1381,1381,0.0191087990786,3.049605,82370560
255,1305031110.71,1305031110.7,0.0114550590515,256,256,1,"ok",1399,1399,0.0197441927816,3.127022,82370560
256,1305031110.74,1305031110.74,0.00780892372131,257,257,1,"ok",1370,1370,0.0210663452545,3.849432,82370560
257,1305031110.78,1305031110.77,0.00945901870728,258,258,1,"ok",1392,1392,0.0173352078881,2.923354,82370560
258,1305031110.81,1305031110.8,0.0117020606995,259,259,1,"ok",1335,1335,0.0152785769483,2.499274,82370560
259,1305031110.84,1305031110.84,0.00797009468079,260,260,1,"ok",1367,1350,0.0453332205987,3.406735,82370560
260,1305031110.88,1305031110.87,0.00801992416382,261,261,1,"ok",1365,1365,0.0182446644227,2.646115,82370560
261,1305031110.91,1305031110.9,0.00943303108215,262,262,1,"ok",1353,1350,0.0181557675229,2.52368,82370560
262,1305031110.94,1305031110.94,0.00519394874573,263,263,1,"ok",1351,1341,0.0343661373367,2.680458,82370560
263,1305031110.98,1305031110.97,0.00802898406982,264,264,1,"ok",1340,1334,0.0216509259562,2.294615,82370560
264,1305031111.01,1305031111,0.00776195526123,265,265,1,"ok",1363,1346,0.0402163897862,3.233443,82370560
265,1305031111.04,1305031111.04,0.00365805625916,266,266,1,"ok",1378,1378,0.0207426080016,9.008262,82370560
266,1305031111.08,1305031111.07,0.00767803192139,267,267,1,"ok",1364,1362,0.020551878887,3.482959,82370560
267,1305031111.11,1305031111.1,0.00784993171692,268,268,1,"ok",1342,1341,0.0190314779725,3.826749,82370560
268,1305031111.14,1305031111.14,0.00404596328735,269,269,1,"ok",1331,1330,0.0176800787107,2.6953,82370560
269,1305031111.18,1305031111.17,0.00838899612427,270,270,1,"ok",1328,1327,0.0193762313075,3.21197,82370560
270,1305031111.21,1305031111.2,0.0120379924774,271,271,1,"ok",1323,1318,0.0233601132131,3.322537,82370560
271,1305031111.24,1305031111.24,0.00656604766846,272,272,1,"ok",1268,1267,0.0228512800986,3.646216,82370560
272,1305031111.28,1305031111.27,0.00936913490295,273,273,1,"ok",1224,1221,0.0210833855853,2.712566,82370560
273,1305031111.31,1305031111.3,0.00923609733582,274,274,1,"ok",1241,1233,0.0295893939096,5.869433,82370560
274,1305031111.34,1305031111.34,0.0039370059967,275,275,1,"ok",1200,1196,0.0244113777139,2.785586,82370560
275,1305031111.38,1305031111.37,0.00822591781616,276,276,1,"ok",1185,1185,0.0203737560177,2.588058,82370560
276,1305031111.41,1305031111.4,0.00838494300842,277,277,1,"ok",1188,1185,0.0245886015847,4.812888,82370560
277,1305031111.44,1305031111.44,0.00443816184998,278,278,1,"ok",1165,1165,0.0221980507691,3.247854,82370560
278,1305031111.48,1305031111.47,0.00834012031555,279,279,1,"ok",1197,1195,0.0196189786815,2.636942,82370560
279,1305031111.51,1305031111.5,0.00773310661316,280,280,1,"ok",1121,1120,0.0244645576107,4.15922,82370560
280,1305031111.54,1305031111.54,0.00376796722412,281,281,1,"ok",1073,1071,0.0263209697007,8.247062,82370560
281,1305031111.58,1305031111.57,0.00791692733765,282,282,1,"ok",1059,1055,0.040563986649,3.221665,82370560
282,1305031111.61,1305031111.6,0.00787997245789,283,283,1,"ok",1018,1018,0.026015559097,3.22568,82370560
283,1305031111.64,1305031111.64,0.00398993492126,284,284,1,"ok",1004,999,0.0239289322679,2.203528,82370560
284,1305031111.68,1305031111.67,0.0080680847168,285,285,1,"ok",1029,1027,0.0243769142672,2.926589,82370560
285,1305031111.71,1305031111.7,0.00796914100647,286,286,1,"ok",970,967,0.0264771294833,7.201925,82370560
286,1305031111.74,1305031111.74,0.00388193130493,287,287,1,"ok",947,946,0.0226589614975,3.184338,82370560
287,1305031111.78,1305031111.77,0.00819492340088,288,288,1,"ok",925,917,0.0346217761408,7.201824,82370560
288,1305031111.81,1305031111.8,0.0113289356232,289,289,1,"ok",903,900,0.0264503572418,6.081724,82370560
289,1305031111.84,1305031111.84,0.00396585464478,290,290,1,"ok",838,836,0.0229512603596,5.506325,82370560
290,1305031111.88,1305031111.87,0.00845694541931,291,291,1,"ok",868,846,0.117286902359,2.342216,82370560
291,1305031111.91,1305031111.9,0.00799798965454,292,292,1,"ok",866,860,0.0267062606101,1.803513,82370560
292,1305031111.94,1305031111.94,0.0036199092865,293,293,1,"ok",805,803,0.0167007939147,1.889874,82370560
293,1305031111.98,1305031111.97,0.0079550743103,294,294,1,"ok",875,875,0.0191998192311,2.177278,82370560
294,1305031112.01,1305031112,0.00783681869507,295,295,1,"ok",847,841,0.0356071758969,2.097026,82370560
295,1305031112.04,1305031112.04,0.00385808944702,296,296,1,"ok",868,866,0.0215623705393,2.385692,82370560
296,1305031112.08,1305031112.07,0.00860810279846,297,297,1,"ok",888,871,0.0514579788738,2.437621,82370560
297,1305031112.11,1305031112.1,0.00892806053162,298,298,1,"ok",849,847,0.023171996996,4.985949,82370560
298,1305031112.14,1305031112.14,0.00523495674133,299,299,1,"ok",835,830,0.0316542674447,2.217859,82370560
299,1305031112.18,1305031112.17,0.0100450515747,300,300,1,"ok",825,823,0.0220019503714,2.218139,82370560
300,1305031112.21,1305031112.21,0.00352096557617,301,301,1,"ok",842,838,0.0260779597245,2.641308,82370560
301,1305031112.24,1305031112.24,0.0077121257782,302,302,1,"ok",839,839,0.0213111906096,3.094923,82370560
302,1305031112.28,1305031112.27,0.00986480712891,303,303,1,"ok",858,853,0.0289551022656,3.302838,82370560
303,1305031112.31,1305031112.3,0.00772094726562,304,304,1,"ok",845,845,0.0218597425769,2.418832,82370560
304,1305031112.34,1305031112.34,0.00753402709961,305,305,1,"ok",848,847,0.0224775296558,2.173902,82370560
305,1305031112.38,1305031112.37,0.00812888145447,306,306,1,"ok",850,846,0.0238175049493,2.392052,82370560
306,1305031112.41,1305031112.41,0.00395107269287,307,307,1,"ok",832,832,0.0179237541025,2.438232,82370560
307,1305031112.44,1305031112.44,0.00432705879211,308,308,1,"ok",864,862,0.01702222004,1.658975,82370560
308,1305031112.48,1305031112.47,0.00835204124451,309,309,1,"ok",884,884,0.0188364642367,2.229557,82370560
309,1305031112.51,1305031112.51,0.0048348903656,310,310,1,"ok",862,862,0.0178746072273,2.318341,82370560
310,1305031112.54,1305031112.54,0.00490188598633,311,311,1,"ok",867,866,0.0168194068781,1.657232,82370560
311,1305031112.58,1305031112.57,0.0117819309235,312,312,1,"ok",883,883,0.0147685275658,1.732917,82370560
312,1305031112.61,1305031112.61,0.00451898574829,313,313,1,"ok",878,878,0.0142943617095,1.874811,82370560
313,1305031112.64,1305031112.64,0.00382804870605,314,314,1,"ok",911,896,0.087674012227,2.444582,82370560
314,1305031112.68,1305031112.67,0.00862693786621,315,315,1,"ok",883,883,0.0224544420567,3.515458,82370560
315,1305031112.71,1305031112.71,0.00392603874207,316,316,1,"ok",855,855,0.0193007258042,2.158479,82370560
316,1305031112.74,1305031112.74,0.00369882583618,317,317,1,"ok",844,844,0.017887370037,2.045178,82370560
317,1305031112.78,1305031112.77,0.00778698921204,318,318,1,"ok",807,807,0.0189312489862,3.327064,82370560
318,1305031112.81,1305031112.81,0.00377106666565,319,319,1,"ok",771,771,0.0167690138835,2.436209,82370560
319,1305031112.84,1305031112.84,0.0037260055542,320,320,1,"ok",765,765,0.013632923384,1.670362,82370560
320,1305031112.88,1305031112.87,0.00833797454834,321,321,1,"ok",783,783,0.0168598431948,2.222256,82370560
321,1305031112.91,1305031112.91,0.00416493415833,322,322,1,"ok",743,740,0.0200590542492,1.855773,82370560
322,1305031112.94,1305031112.94,0.00399804115295,323,323,1,"rejected_high_rmse_0.1479",749,741,0.147926435177,2.036155,82370560
323,1305031112.98,1305031112.97,0.00811409950256,324,324,1,"ok",717,717,0.0158902107138,2.184198,82370560
324,1305031113.01,1305031113.01,0.00418710708618,325,325,1,"ok",728,724,0.0224927944778,1.856744,82370560
325,1305031113.04,1305031113.04,0.00373911857605,326,326,1,"ok",727,726,0.017559207751,1.758355,82370560
326,1305031113.08,1305031113.07,0.00804114341736,327,327,1,"ok",737,736,0.0166305235673,1.65547,82370560
327,1305031113.11,1305031113.11,0.00365400314331,328,328,1,"ok",756,755,0.0207731936135,1.845387,82370560
328,1305031113.14,1305031113.14,0.00364208221436,329,329,1,"ok",804,802,0.0222102726121,2.372913,82370560
329,1305031113.18,1305031113.17,0.00825500488281,330,330,1,"ok",793,792,0.0185736641288,2.080591,82370560
330,1305031113.21,1305031113.21,0.00407791137695,331,331,1,"ok",802,802,0.0169261336499,1.665425,82370560
331,1305031113.24,1305031113.24,0.00349497795105,332,332,1,"ok",804,786,0.0488406212154,2.262006,82370560
332,1305031113.28,1305031113.27,0.00784182548523,333,333,1,"ok",840,840,0.0201768769383,2.203677,82370560
333,1305031113.31,1305031113.31,0.00412893295288,334,334,1,"ok",833,833,0.0183390130941,2.580226,82370560
334,1305031113.34,1305031113.34,0.00385594367981,335,335,1,"ok",873,867,0.0310947526397,2.544202,82370560
335,1305031113.38,1305031113.37,0.00793504714966,336,336,1,"ok",922,921,0.0269717016169,5.042144,82370560
336,1305031113.41,1305031113.41,0.00427389144897,337,337,1,"ok",931,931,0.0227814061031,4.173793,82370560
337,1305031113.44,1305031113.44,0.00347900390625,338,338,1,"ok",974,973,0.0233779920526,4.205501,82370560
338,1305031113.48,1305031113.48,0.00365400314331,339,339,1,"ok",971,969,0.0235778870502,4.105149,82370560
339,1305031113.51,1305031113.51,0.00353598594666,340,340,1,"ok",958,955,0.0247633232121,4.317749,82370560
340,1305031113.54,1305031113.54,0.00382494926453,341,341,1,"ok",950,945,0.027093267028,2.722912,82370560
341,1305031113.58,1305031113.57,0.00433707237244,342,342,1,"ok",960,954,0.0317459471425,2.680357,82370560
342,1305031113.61,1305031113.61,0.00405216217041,343,343,1,"ok",974,973,0.0216733045713,3.189877,82370560
343,1305031113.64,1305031113.64,0.0048041343689,344,344,1,"ok",954,950,0.0242524266285,3.85414,82370560
344,1305031113.68,1305031113.67,0.00504398345947,345,345,1,"ok",932,928,0.0236797283232,2.571773,82370560
345,1305031113.71,1305031113.7,0.00767493247986,346,346,1,"ok",952,939,0.0665107393227,2.040962,82370560
346,1305031113.74,1305031113.74,0.00732707977295,347,347,1,"ok",946,941,0.0221976661901,2.155615,82370560
347,1305031113.78,1305031113.77,0.00515198707581,348,348,1,"ok",949,945,0.0202744483417,2.065519,82370560
348,1305031113.81,1305031113.81,0.00544214248657,349,349,1,"ok",963,960,0.0262168244716,1.864405,82370560
349,1305031113.84,1305031113.84,0.00485801696777,350,350,1,"ok",986,985,0.0183515026952,1.84065,82370560
350,1305031113.88,1305031113.87,0.00508093833923,351,351,1,"ok",1010,1010,0.020807816641,2.174343,82370560
351,1305031113.91,1305031113.91,0.00492882728577,352,352,1,"ok",1037,1031,0.0253171593027,2.257229,82370560
352,1305031113.94,1305031113.94,0.0047299861908,353,353,1,"ok",1039,1037,0.0219164345123,2.216507,82370560
353,1305031113.98,1305031113.97,0.00504803657532,354,354,1,"ok",1043,1038,0.0253701436972,2.158289,82370560
354,1305031114.01,1305031114.01,0.00417494773865,355,355,1,"ok",1082,1080,0.027058073869,2.30422,82370560
355,1305031114.04,1305031114.04,0.0047550201416,356,356,1,"ok",1115,1115,0.0213599163952,2.342508,82370560
356,1305031114.08,1305031114.07,0.00498700141907,357,357,1,"ok",1156,1147,0.0283279318077,2.811756,82370560
357,1305031114.11,1305031114.11,0.0048611164093,358,358,1,"ok",1196,1185,0.0449486773444,4.520906,82370560
358,1305031114.14,1305031114.14,0.00472211837769,359,359,1,"ok",1240,1239,0.0251918822702,4.52309,82370560
359,1305031114.18,1305031114.17,0.00522303581238,360,360,1,"ok",1300,1295,0.0252249126133,2.751786,82370560
360,1305031114.21,1305031114.21,0.00504803657532,361,361,1,"ok",1319,1317,0.0254008939753,3.370389,82370560
361,1305031114.24,1305031114.24,0.00486397743225,362,362,1,"ok",1338,1338,0.0219561377545,2.793057,82370560
362,1305031114.28,1305031114.27,0.00831508636475,363,363,1,"ok",1396,1394,0.0256773036472,4.291931,82370560
363,1305031114.31,1305031114.31,0.00471901893616,364,364,1,"ok",1438,1431,0.0277807794546,7.147903,82370560
364,1305031114.34,1305031114.34,0.00441217422485,365,365,1,"ok",1460,1452,0.0396657894584,7.743873,82370560
365,1305031114.38,1305031114.37,0.00501298904419,366,366,1,"ok",1485,1484,0.0255861077058,4.545854,82370560
366,1305031114.41,1305031114.41,0.00480604171753,367,367,1,"ok",1500,1499,0.0222235449117,3.34427,82370560
367,1305031114.44,1305031114.44,0.00480508804321,368,368,1,"ok",1548,1543,0.0392020268573,3.535509,82370560
368,1305031114.48,1305031114.47,0.00484299659729,369,369,1,"ok",1580,1578,0.0249669567383,5.184809,82370560
369,1305031114.51,1305031114.51,0.00469303131104,370,370,1,"ok",1638,1631,0.0278989155476,10.070717,82370560
370,1305031114.54,1305031114.54,0.00328302383423,371,371,1,"ok",1666,1663,0.0263942715674,9.621608,82370560
371,1305031114.58,1305031114.58,0.00405192375183,372,372,1,"ok",1650,1646,0.0247171224776,4.302267,82370560
372,1305031114.61,1305031114.61,0.00383114814758,373,373,1,"ok",1634,1632,0.0197254261379,4.033931,82370560
373,1305031114.64,1305031114.64,1.4066696167e-05,374,373,0,"ok",1643,1624,0.057567697112,5.84787,82370560
374,1305031114.68,1305031114.68,0.00359606742859,375,375,1,"ok",1674,1673,0.0271729962214,8.195815,82722816
375,1305031114.71,1305031114.71,0.00516510009766,376,376,1,"ok",1702,1699,0.0256139091232,6.172531,82722816
376,1305031114.74,1305031114.74,7.58171081543e-05,377,376,0,"ok",1672,1671,0.0223298302174,4.814049,82722816
377,1305031114.78,1305031114.77,0.00444197654724,378,378,1,"ok",1671,1669,0.0217597031781,3.487456,82722816
378,1305031114.81,1305031114.81,0.00399279594421,379,379,1,"ok",1646,1643,0.0226641787634,3.744575,82722816
379,1305031114.84,1305031114.84,0.00107097625732,380,380,1,"ok",1656,1645,0.0383154857498,5.13225,82722816
380,1305031114.88,1305031114.88,0.00422501564026,381,381,1,"ok",1627,1622,0.0357815904416,3.092039,82722816
381,1305031114.91,1305031114.91,0.00537490844727,382,382,1,"ok",1630,1629,0.0179407409467,2.973199,82722816
382,1305031114.94,1305031114.94,3.00407409668e-05,383,382,0,"ok",1643,1643,0.019702958676,4.791695,82722816
383,1305031114.98,1305031114.98,0.00386905670166,384,384,1,"ok",1660,1644,0.0518310066705,6.908162,82722816
384,1305031115.01,1305031115.01,0.00412106513977,385,385,1,"ok",1608,1608,0.0247908465124,5.570031,82722816
385,1305031115.04,1305031115.04,2.19345092773e-05,386,385,0,"ok",1579,1569,0.0415709119685,11.977066,82722816
386,1305031115.08,1305031115.07,0.00766086578369,387,387,1,"ok",1549,1543,0.0270499144828,5.568619,82722816
387,1305031115.11,1305031115.11,0.00415587425232,388,388,1,"ok",1518,1518,0.0248910918342,5.525443,82722816
388,1305031115.14,1305031115.14,1.90734863281e-05,389,388,0,"ok",1453,1453,0.0260417202154,7.392192,82722816
389,1305031115.18,1305031115.17,0.00679802894592,390,390,1,"ok",1372,1372,0.024683118001,7.539205,82722816
390,1305031115.21,1305031115.21,0.00492095947266,391,391,1,"ok",1366,1364,0.0235100530023,4.033531,82722816
391,1305031115.24,1305031115.24,0.00232219696045,392,392,1,"ok",1318,1309,0.0375668259025,3.846599,82722816
392,1305031115.28,1305031115.27,0.00649809837341,393,393,1,"ok",1309,1292,0.0537224155973,5.094493,82722816
393,1305031115.31,1305031115.31,0.00617003440857,394,394,1,"ok",1291,1279,0.0338741392436,2.972188,82722816
394,1305031115.34,1305031115.34,0.00019097328186,395,394,0,"ok",1244,1239,0.0339064284624,4.750022,82722816
395,1305031115.38,1305031115.38,0.00411200523376,396,396,1,"ok",1210,1190,0.0628176844821,10.171268,82722816
396,1305031115.41,1305031115.41,0.00507307052612,397,397,1,"ok",1087,1085,0.0239132357965,5.063686,82722816
397,1305031115.44,1305031115.44,0.000119209289551,398,398,1,"ok",1083,1083,0.0217467125493,3.127552,82722816
398,1305031115.48,1305031115.47,0.00437784194946,399,399,1,"ok",1056,1055,0.022136650971,2.41103,82722816
399,1305031115.51,1305031115.51,0.00381302833557,400,400,1,"ok",1034,1034,0.0221340034952,2.338151,82722816
400,1305031115.54,1305031115.54,1.62124633789e-05,401,400,0,"ok",951,951,0.0232128944256,4.580757,82722816
401,1305031115.58,1305031115.58,0.00402498245239,402,402,1,"ok",912,908,0.0241521217633,6.855883,82722816
402,1305031115.61,1305031115.61,0.00399589538574,403,403,1,"ok",871,871,0.0232819333819,2.800289,82722816
403,1305031115.64,1305031115.64,0,403,403,0,"ok",848,847,0.0220434230674,2.201875,82722816
404,1305031115.68,1305031115.68,0.00413489341736,405,405,1,"ok",790,790,0.0210534556174,2.237359,82722816
405,1305031115.71,1305031115.71,0.00501894950867,406,406,1,"ok",802,795,0.0319422719975,2.317179,82722816
406,1305031115.74,1305031115.74,0.00034499168396,407,407,1,"ok",813,813,0.0197011195636,3.027231,82722816
407,1305031115.78,1305031115.77,0.00509595870972,408,408,1,"ok",778,778,0.019695550083,2.166091,82722816
408,1305031115.81,1305031115.81,0.00485181808472,409,409,1,"ok",799,788,0.0651946950168,2.341896,82722816
409,1305031115.84,1305031115.84,0.00128793716431,410,410,1,"ok",780,776,0.0220810341762,2.031568,82722816
410,1305031115.88,1305031115.88,0.00385117530823,411,411,1,"ok",761,753,0.0313313991049,3.835802,82722816
411,1305031115.91,1305031115.91,0.000401973724365,412,412,1,"ok",773,769,0.0241899677067,1.922783,82722816
412,1305031115.94,1305031115.94,0.001296043396,413,413,1,"ok",756,756,0.0167153639579,1.639255,82722816
413,1305031115.98,1305031115.97,0.00694108009338,414,414,1,"ok",739,739,0.0185189814756,1.972358,82722816
414,1305031116.01,1305031116.01,0.00053596496582,415,415,1,"ok",709,709,0.0170110678644,1.595138,82722816
415,1305031116.04,1305031116.04,0.000545978546143,416,416,1,"ok",680,676,0.047682708619,1.905568,82722816
416,1305031116.08,1305031116.07,0.00850296020508,417,417,1,"ok",636,636,0.0202206628596,1.949734,82722816
417,1305031116.11,1305031116.11,0.0030529499054,418,418,1,"ok",614,613,0.021326767837,2.05946,82722816
418,1305031116.14,1305031116.14,5.96046447754e-06,419,418,0,"ok",602,602,0.0192433040509,1.457371,82722816
419,1305031116.18,1305031116.17,0.00468111038208,420,420,1,"ok",587,587,0.0155747203413,1.531682,82722816
420,1305031116.21,1305031116.21,2.09808349609e-05,421,420,0,"ok",562,562,0.0139952369121,1.320283,82722816
421,1305031116.24,1305031116.24,0.000600099563599,422,422,1,"ok",568,568,0.0140296234618,1.366944,82722816
422,1305031116.28,1305031116.27,0.00496411323547,423,423,1,"ok",569,569,0.0127433286709,1.169866,82722816
423,1305031116.31,1305031116.31,0.000649929046631,424,424,1,"ok",573,573,0.0158210240442,1.415958,82722816
424,1305031116.34,1305031116.34,0.000833034515381,425,425,1,"ok",576,576,0.014014062458,1.136997,82722816
425,1305031116.38,1305031116.37,0.00489401817322,426,426,1,"ok",558,558,0.0123233811057,1.103036,82722816
426,1305031116.41,1305031116.41,0.00170207023621,427,427,1,"ok",562,562,0.0133550428387,1.319863,82722816
427,1305031116.44,1305031116.44,0.000872850418091,428,428,1,"ok",567,567,0.0100908860131,1.122315,82722816
428,1305031116.48,1305031116.47,0.00645613670349,429,429,1,"ok",558,558,0.0112352612402,1.209836,82722816
429,1305031116.51,1305031116.51,0.00062894821167,430,430,1,"ok",557,557,0.00936404135071,1.12563,82722816
430,1305031116.54,1305031116.54,0.000566959381104,431,431,1,"ok",551,551,0.0100906026041,1.116256,82722816
431,1305031116.58,1305031116.57,0.00492405891418,432,432,1,"ok",543,543,0.00894663715467,1.091509,82722816
432,1305031116.61,1305031116.61,0.000369787216187,433,433,1,"ok",552,552,0.0129853467785,1.179762,82722816
433,1305031116.64,1305031116.64,0.000690937042236,434,434,1,"ok",574,574,0.0155588309592,1.30473,82722816
434,1305031116.68,1305031116.67,0.00475788116455,435,435,1,"ok",563,558,0.0215765251322,1.253132,82722816
435,1305031116.71,1305031116.71,0.000691890716553,436,436,1,"ok",591,590,0.017088045572,1.576791,82722816
436,1305031116.74,1305031116.74,0.00271582603455,437,437,1,"ok",584,583,0.0161922245096,1.300985,82722816
437,1305031116.78,1305031116.78,0.00423908233643,438,438,1,"ok",603,597,0.0255688420683,1.3243,82722816
438,1305031116.81,1305031116.81,2.50339508057e-05,439,438,0,"ok",615,611,0.0315457671058,1.586816,82722816
439,1305031116.85,1305031116.84,0.00571894645691,440,440,1,"ok",638,638,0.0186916389351,1.433144,82722816
440,1305031116.88,1305031116.87,0.00843906402588,441,441,1,"ok",639,636,0.0219617188611,1.657623,82722816
441,1305031116.91,1305031116.91,0.00408911705017,442,442,1,"ok",661,661,0.0194855647916,1.793979,82722816
442,1305031116.94,1305031116.94,0.00267004966736,443,443,1,"ok",665,665,0.0213772146047,2.282025,82722816
443,1305031116.98,1305031116.97,0.00469493865967,444,444,1,"ok",663,663,0.0230913816243,1.880149,82722816
444,1305031117.01,1305031117.01,0.00257015228271,445,445,1,"ok",677,677,0.0220374900275,3.609781,82722816
445,1305031117.04,1305031117.04,0.00119614601135,446,446,1,"ok",712,712,0.0206772032193,3.354736,82722816
446,1305031117.08,1305031117.07,0.00833892822266,447,447,1,"ok",737,737,0.020775065147,2.169746,82722816
447,1305031117.11,1305031117.11,0.000783920288086,448,448,1,"ok",716,716,0.0188390663184,1.845637,82722816
448,1305031117.14,1305031117.14,0.000834941864014,449,449,1,"rejected_high_rmse_0.1213",706,702,0.121250999753,2.047412,82722816
449,1305031117.18,1305031117.18,0.00420498847961,450,450,1,"ok",710,710,0.0192814899063,1.888151,82722816
450,1305031117.21,1305031117.21,0.00360798835754,451,451,1,"rejected_high_rmse_0.1268",734,721,0.126806952392,1.983915,82722816
451,1305031117.24,1305031117.24,0.0019371509552,452,452,1,"ok",734,727,0.0233452523996,1.717764,82722816
452,1305031117.28,1305031117.28,0.00278306007385,453,453,1,"ok",702,702,0.0159991893739,1.915552,82722816
453,1305031117.31,1305031117.31,0.00107884407043,454,454,1,"ok",678,678,0.014203683926,1.573766,82722816
454,1305031117.34,1305031117.34,0.00219893455505,455,455,1,"ok",683,683,0.0134057411371,1.464181,82722816
455,1305031117.38,1305031117.38,0.00438690185547,456,456,1,"ok",684,682,0.0141600939965,1.307314,82722816
456,1305031117.41,1305031117.41,0.00268292427063,457,457,1,"ok",680,680,0.0135167268394,1.45071,82722816
457,1305031117.44,1305031117.44,0.00106596946716,458,458,1,"ok",707,700,0.0271363776088,1.800098,82722816
458,1305031117.48,1305031117.48,0.00375199317932,459,459,1,"ok",722,717,0.0255208125447,1.816734,82722816
459,1305031117.51,1305031117.51,0.00244283676147,460,460,1,"ok",741,741,0.018960483936,1.630703,82722816
460,1305031117.54,1305031117.54,0.00454902648926,461,461,1,"ok",762,762,0.0201073449509,2.143297,82722816
461,1305031117.58,1305031117.58,0.0012948513031,462,462,1,"ok",819,818,0.0212037524636,2.72193,82722816
462,1305031117.61,1305031117.61,0.00338196754456,463,463,1,"ok",816,816,0.0199983993262,2.14566,82722816
463,1305031117.64,1305031117.64,3.21865081787e-05,464,463,0,"ok",830,830,0.0187464660522,1.731905,82722816
464,1305031117.68,1305031117.68,0.00377893447876,465,465,1,"ok",872,870,0.0302843432095,3.409268,82722816
465,1305031117.71,1305031117.71,3.09944152832e-05,466,465,0,"ok",890,889,0.0192322407773,1.94046,82722816
466,1305031117.74,1305031117.74,0.000189065933228,467,467,1,"ok",920,920,0.0191432963138,1.784895,82722816
467,1305031117.78,1305031117.78,0.000498056411743,468,468,1,"ok",926,921,0.0247230980531,2.573726,82722816
468,1305031117.81,1305031117.81,0.0002601146698,469,469,1,"ok",925,925,0.0206741631656,1.790113,82722816
469,1305031117.84,1305031117.84,1.59740447998e-05,470,469,0,"ok",927,925,0.0286626819015,2.859889,82722816
470,1305031117.88,1305031117.88,1.59740447998e-05,471,470,0,"ok",964,960,0.0265745852275,3.26506,82722816
471,1305031117.91,1305031117.91,0.00264501571655,472,472,1,"ok",963,957,0.0247385062867,2.081844,82722816
472,1305031117.94,1305031117.94,1.90734863281e-05,473,472,0,"ok",965,964,0.0202375573269,1.895022,82722816
473,1305031117.98,1305031117.98,3.50475311279e-05,474,473,0,"ok",947,946,0.0191071641355,1.773458,82722816
474,1305031118.01,1305031118.01,0.00021505355835,475,475,1,"ok",952,951,0.0178033000416,1.843313,82722816
475,1305031118.04,1305031118.04,2.8133392334e-05,476,475,0,"ok",936,930,0.0218937994826,1.688149,82722816
476,1305031118.08,1305031118.08,3.50475311279e-05,477,476,0,"ok",967,953,0.0673919700625,2.088393,82722816
477,1305031118.11,1305031118.11,0.000354051589966,478,478,1,"ok",956,954,0.0286486261022,1.853659,82722816
478,1305031118.14,1305031118.14,0.000970840454102,479,479,1,"ok",933,924,0.0253366276503,2.147522,82722816
479,1305031118.18,1305031118.18,0.00115299224854,480,480,1,"ok",922,922,0.0187607913113,2.028883,82722816
480,1305031118.21,1305031118.21,0.000419855117798,481,481,1,"ok",934,933,0.021542172859,2.515979,82722816
481,1305031118.24,1305031118.24,0.000224828720093,482,482,1,"ok",930,924,0.0249835376367,3.059559,82722816
482,1305031118.28,1305031118.28,0.000203132629395,483,483,1,"ok",957,957,0.0210607619447,4.426734,82722816
483,1305031118.31,1305031118.31,0.000568151473999,484,484,1,"ok",1000,995,0.0272764117715,3.915152,82722816
484,1305031118.34,1305031118.34,0.00124502182007,485,485,1,"ok",1020,1016,0.0250310853694,3.617353,82722816
485,1305031118.38,1305031118.38,0.00220513343811,486,486,1,"ok",1029,1028,0.0220727437493,4.092529,82722816
486,1305031118.41,1305031118.41,0.0024778842926,487,487,1,"ok",1062,1051,0.0916580194563,4.546766,82722816
487,1305031118.45,1305031118.45,1.09672546387e-05,488,487,0,"ok",1090,1084,0.0475595559835,2.420294,82722816
488,1305031118.48,1305031118.48,0.00141596794128,489,489,1,"ok",1078,1073,0.0334156435554,2.698715,82722816
489,1305031118.51,1305031118.51,0.00105404853821,490,490,1,"ok",1088,1086,0.0197122893404,2.289297,82722816
490,1305031118.54,1305031118.55,0.000784873962402,491,490,0,"ok",1051,1051,0.0168250223021,1.876593,82722816
491,1305031118.58,1305031118.58,0.0029079914093,492,492,1,"ok",1081,1080,0.0228594562056,2.382718,82722816
492,1305031118.62,1305031118.61,0.00527310371399,493,493,1,"ok",1031,1030,0.0185155773494,2.137378,82722816
493,1305031118.65,1305031118.65,5.96046447754e-06,494,493,0,"ok",1000,1000,0.0187936381279,2.58939,82722816
494,1305031118.68,1305031118.68,0.0042130947113,495,495,1,"ok",1000,998,0.0206981703039,4.027722,82722816
495,1305031118.71,1305031118.71,0.00128102302551,496,496,1,"ok",976,971,0.0258621798151,4.437381,82722816
496,1305031118.75,1305031118.75,3.09944152832e-05,497,496,0,"ok",977,972,0.0213422957255,1.843844,82722816
497,1305031118.78,1305031118.78,0.000487089157104,498,498,1,"ok",1026,1015,0.0374324462663,2.407676,82722816
498,1305031118.81,1305031118.81,0.000517845153809,499,499,1,"ok",980,980,0.02221284563,5.169896,82722816
499,1305031118.85,1305031118.85,2.121925354e-05,500,499,0,"ok",953,953,0.0201001780729,1.967591,82722816
500,1305031118.88,1305031118.88,0.00380611419678,501,501,1,"ok",977,975,0.0212597943639,1.992989,82722816
501,1305031118.91,1305031118.91,0.00156903266907,502,502,1,"ok",988,988,0.0209567954083,3.982744,82722816
502,1305031118.95,1305031118.95,3.50475311279e-05,503,502,0,"ok",998,998,0.0212417056297,2.618644,82722816
503,1305031118.98,1305031118.98,2.00271606445e-05,504,503,0,"ok",960,959,0.0181016018967,1.940931,82722816
504,1305031119.01,1305031119.01,0.00165104866028,505,505,1,"ok",901,901,0.0208398447568,3.746908,82722816
505,1305031119.05,1305031119.05,7.86781311035e-06,506,505,0,"ok",966,964,0.0216461724424,3.694829,82722816
506,1305031119.08,1305031119.08,0.000257015228271,507,507,1,"ok",938,938,0.0199960113508,2.347214,82722816
507,1305031119.11,1305031119.11,0.000443935394287,508,508,1,"ok",934,934,0.0186856709288,2.022243,82722816
508,1305031119.15,1305031119.15,1.31130218506e-05,509,508,0,"ok",928,928,0.0192940170727,2.026971,82722816
509,1305031119.18,1305031119.18,3.60012054443e-05,510,509,0,"ok",925,925,0.0202790344732,1.862623,82722816
510,1305031119.21,1305031119.21,0.000458002090454,511,511,1,"ok",941,938,0.0313421833596,2.312752,82722816
511,1305031119.25,1305031119.25,0.000260829925537,512,511,0,"ok",943,942,0.0206464487029,2.392713,82722816
512,1305031119.28,1305031119.28,3.19480895996e-05,513,512,0,"ok",949,945,0.021635178255,1.85396,82722816
513,1305031119.31,1305031119.31,0.000457048416138,514,514,1,"ok",964,963,0.0204984727912,2.146471,82722816
514,1305031119.35,1305031119.35,9.05990600586e-06,515,514,0,"ok",968,967,0.0183947982829,1.952838,82722816
515,1305031119.38,1305031119.38,0.000607967376709,516,516,1,"ok",979,979,0.0186901544697,2.04631,82722816
516,1305031119.41,1305031119.41,8.10623168945e-06,517,516,0,"ok",933,933,0.0198352652833,1.885256,82722816
517,1305031119.45,1305031119.45,2.00271606445e-05,518,517,0,"ok",913,913,0.020346904151,1.90052,82722816
518,1305031119.48,1305031119.48,0.00158476829529,519,519,1,"ok",891,891,0.0193032426821,1.858506,82722816
519,1305031119.51,1305031119.51,1.78813934326e-05,520,519,0,"ok",906,904,0.0211696770662,2.003135,82722816
520,1305031119.55,1305031119.55,3.19480895996e-05,521,520,0,"ok",886,884,0.0216125054535,2.169376,82722816
521,1305031119.58,1305031119.58,1.00135803223e-05,522,521,0,"ok",866,866,0.0205888613429,2.024898,82722816
522,1305031119.62,1305031119.62,7.15255737305e-06,523,522,0,"ok",865,860,0.0224445496806,3.215706,82722816
523,1305031119.65,1305031119.65,0.000986099243164,524,523,0,"rejected_high_rmse_0.1335",866,835,0.133521224805,3.805516,82722816
524,1305031119.68,1305031119.68,0.00364208221436,525,525,1,"ok",859,856,0.0216042734059,2.931176,82722816
525,1305031119.72,1305031119.72,1.71661376953e-05,526,525,0,"ok",812,812,0.0184646791816,2.665184,82722816
526,1305031119.75,1305031119.74,0.00230717658997,527,527,1,"ok",800,800,0.0195979789973,2.024647,82722816
527,1305031119.78,1305031119.78,0.000540971755981,528,528,1,"ok",786,786,0.0159422181337,2.252962,82722816
528,1305031119.81,1305031119.81,3.38554382324e-05,529,528,0,"ok",793,793,0.0164806658797,1.990115,82722816
529,1305031119.85,1305031119.85,1.59740447998e-05,530,529,0,"ok",803,800,0.0190252332381,1.94682,82722816
530,1305031119.88,1305031119.88,1.78813934326e-05,531,530,0,"ok",764,764,0.015964849466,2.138358,82722816
531,1305031119.91,1305031119.91,2.28881835938e-05,532,531,0,"ok",748,748,0.0132761522121,1.435558,82722816
532,1305031119.95,1305031119.95,7.00950622559e-05,533,532,0,"ok",767,757,0.0495734812439,2.474166,82722816
533,1305031119.98,1305031119.98,9.05990600586e-06,534,533,0,"ok",755,753,0.0185140180598,1.817375,82722816
534,1305031120.02,1305031120.02,1.90734863281e-05,535,534,0,"ok",753,752,0.0161563196969,1.62288,82722816
535,1305031120.05,1305031120.05,2.00271606445e-05,536,535,0,"ok",757,757,0.0172299287347,2.429318,82722816
536,1305031120.08,1305031120.08,0.00372791290283,537,537,1,"ok",743,743,0.0135568649156,1.579685,82722816
537,1305031120.12,1305031120.12,1.69277191162e-05,538,537,0,"ok",756,756,0.0121852460888,1.538453,82722816
538,1305031120.15,1305031120.15,1.81198120117e-05,539,538,0,"ok",746,746,0.0118951607323,1.533606,82722816
539,1305031120.18,1305031120.18,1.50203704834e-05,540,539,0,"ok",734,734,0.00960407738909,1.488318,82722816
540,1305031120.22,1305031120.22,1.09672546387e-05,541,540,0,"ok",740,740,0.0146954929356,1.476489,82722816
541,1305031120.25,1305031120.25,1.50203704834e-05,542,541,0,"ok",755,751,0.0201295327326,1.762892,82722816
542,1305031120.28,1305031120.28,1.12056732178e-05,543,542,0,"ok",744,743,0.0160953381737,1.486284,82722816
543,1305031120.32,1305031120.32,1.69277191162e-05,544,543,0,"ok",756,748,0.0403389451756,1.740518,82722816
544,1305031120.35,1305031120.35,1.00135803223e-05,545,544,0,"ok",750,748,0.0185767526782,1.583971,82722816
545,1305031120.38,1305031120.38,9.05990600586e-06,546,545,0,"ok",739,739,0.0170637030571,1.73486,82722816
546,1305031120.42,1305031120.42,4.48226928711e-05,547,546,0,"ok",746,746,0.0172815061421,1.982594,82722816
547,1305031120.45,1305031120.45,1.59740447998e-05,548,547,0,"ok",761,761,0.0202366972545,2.816202,82722816
548,1305031120.48,1305031120.48,0.00385022163391,549,549,1,"ok",752,751,0.0201101797839,2.484501,82722816
549,1305031120.51,1305031120.51,5.81741333008e-05,550,549,0,"ok",747,738,0.0438525882349,2.034772,82722816
550,1305031120.55,1305031120.55,7.10487365723e-05,551,550,0,"ok",786,778,0.0300944524677,2.403359,82722816
551,1305031120.58,1305031120.58,8.10623168945e-06,552,551,0,"ok",824,814,0.0648792830829,2.339913,82722816
552,1305031120.62,1305031120.62,3.50475311279e-05,553,552,0,"ok",840,836,0.0255184412015,2.367314,82722816
553,1305031120.65,1305031120.65,0.000746965408325,554,554,1,"ok",878,874,0.0249069086175,2.664413,82722816
554,1305031120.68,1305031120.68,0.000850915908813,555,555,1,"ok",900,895,0.0281949295092,2.656801,82722816
555,1305031120.71,1305031120.71,3.12328338623e-05,556,555,0,"ok",901,898,0.0246265461692,2.323278,82722816
556,1305031120.75,1305031120.75,2.69412994385e-05,557,556,0,"ok",907,905,0.023193460242,2.215715,82722816
557,1305031120.78,1305031120.78,1.38282775879e-05,558,557,0,"ok",965,941,0.080635462392,2.60959,82722816
558,1305031120.81,1305031120.81,3.91006469727e-05,559,559,1,"ok",992,974,0.0434590680093,4.062955,82722816
559,1305031120.85,1305031120.85,2.121925354e-05,560,559,0,"ok",973,964,0.0293233615676,2.118359,82722816
560,1305031120.88,1305031120.88,1.90734863281e-05,561,560,0,"ok",1018,1017,0.0209481277226,2.19199,82722816
561,1305031120.92,1305031120.92,1.00135803223e-05,562,561,0,"ok",1018,1012,0.0263495695498,3.065248,82722816
562,1305031120.95,1305031120.95,2.09808349609e-05,563,562,0,"ok",1027,1026,0.0205077355195,1.903725,82722816
563,1305031120.98,1305031120.98,2.40802764893e-05,564,563,0,"ok",1042,1039,0.0220830544687,2.062284,82722816
564,1305031121.02,1305031121.02,1.00135803223e-05,565,564,0,"ok",1043,1042,0.0212080544646,2.240052,82722816
565,1305031121.05,1305031121.05,0.000257015228271,566,565,0,"ok",1055,1043,0.0290858140942,2.528678,82722816
566,1305031121.08,1305031121.08,1.81198120117e-05,567,566,0,"ok",1041,1039,0.021263363964,2.228665,82722816
567,1305031121.11,1305031121.11,0.000181913375854,568,567,0,"ok",1097,1091,0.0288127280823,4.643181,82722816
568,1305031121.15,1305031121.15,2.40802764893e-05,569,568,0,"ok",1123,1122,0.0248222742413,5.468417,82722816
569,1305031121.18,1305031121.18,1.00135803223e-05,570,569,0,"ok",1166,1161,0.0258501356745,2.892538,82722816
570,1305031121.21,1305031121.21,1.09672546387e-05,571,570,0,"ok",1160,1155,0.0255105765973,3.337108,82722816
571,1305031121.25,1305031121.25,6.91413879395e-06,572,571,0,"ok",1186,1181,0.0321133712864,3.372993,82722816
572,1305031121.28,1305031121.28,5.41210174561e-05,573,573,1,"ok",1202,1202,0.0216494698779,2.59652,82722816
573,1305031121.31,1305031121.31,1.97887420654e-05,574,573,0,"ok",1217,1214,0.024191139257,2.750413,82722816
574,1305031121.35,1305031121.35,2.28881835938e-05,575,574,0,"ok",1235,1233,0.0246554411148,6.928021,82722816
575,1305031121.38,1305031121.38,2.21729278564e-05,576,575,0,"ok",1249,1244,0.0255364223694,3.549179,82722816
576,1305031121.41,1305031121.41,1.00135803223e-05,577,576,0,"ok",1257,1252,0.0273226062787,4.721289,82722816
577,1305031121.45,1305031121.45,0.000294923782349,578,578,1,"ok",1296,1278,0.111092707955,4.865917,82722816
578,1305031121.48,1305031121.48,5.10215759277e-05,579,578,0,"ok",1343,1331,0.056793874036,3.298571,82722816
579,1305031121.51,1305031121.51,5.69820404053e-05,580,579,0,"ok",1340,1331,0.0306569366151,7.10568,82722816
580,1305031121.55,1305031121.55,0.000460147857666,581,581,1,"ok",1328,1324,0.0256564882173,3.5365,82722816
581,1305031121.58,1305031121.58,9.05990600586e-06,582,581,0,"ok",1316,1305,0.029137284819,2.588208,82722816
582,1305031121.61,1305031121.61,1.8835067749e-05,583,582,0,"ok",1312,1308,0.0227554248569,2.728199,82722816
583,1305031121.65,1305031121.65,0.000216960906982,584,584,1,"ok",1358,1353,0.0238072598826,3.053141,82722816
584,1305031121.68,1305031121.68,1.12056732178e-05,585,584,0,"ok",1351,1342,0.0254918226201,3.456118,82722816
585,1305031121.71,1305031121.71,8.10623168945e-06,586,585,0,"ok",1336,1334,0.0208517958725,2.872748,82722816
586,1305031121.75,1305031121.75,0.00066089630127,587,587,1,"ok",1317,1315,0.0185235794437,2.452523,82722816
587,1305031121.78,1305031121.78,3.60012054443e-05,588,587,0,"ok",1306,1304,0.0193488202675,2.745285,82722816
588,1305031121.81,1305031121.81,5.00679016113e-06,589,588,0,"ok",1304,1303,0.0186923113561,2.756282,82722816
589,1305031121.85,1305031121.85,0.000465154647827,590,590,1,"ok",1297,1293,0.0255518887655,2.537291,82722816
590,1305031121.88,1305031121.88,6.29425048828e-05,591,590,0,"ok",1297,1296,0.0192213893485,2.578374,82722816
591,1305031121.91,1305031121.91,1.19209289551e-05,592,591,0,"ok",1271,1270,0.0179574631026,2.41075,82722816
592,1305031121.95,1305031121.95,3.00407409668e-05,593,592,0,"ok",1273,1267,0.026255080332,2.449368,82722816
593,1305031121.98,1305031121.98,9.05990600586e-06,594,593,0,"ok",1272,1267,0.0201123320216,2.393304,82722816
594,1305031122.01,1305031122.01,0.000168085098267,595,594,0,"ok",1265,1265,0.0190969374561,2.681178,82722816
595,1305031122.05,1305031122.05,0.0003981590271,596,596,1,"ok",1280,1275,0.0255891708387,2.838816,82722816
596,1305031122.08,1305031122.08,1.00135803223e-05,597,596,0,"ok",1288,1287,0.0209952312619,2.766016,82722816
597,1305031122.11,1305031122.11,1.59740447998e-05,598,597,0,"ok",1301,1300,0.0212630109889,2.548098,82722816
598,1305031122.15,1305031122.15,2.31266021729e-05,599,598,0,"ok",1256,1253,0.0240449678243,2.580677,82722816
599,1305031122.18,1305031122.18,1.00135803223e-05,600,599,0,"ok",1235,1232,0.0224629071123,3.438913,82722816
600,1305031122.21,1305031122.21,1.00135803223e-05,601,600,0,"ok",1245,1240,0.0242648082301,3.35754,82722816
601,1305031122.25,1305031122.25,3.60012054443e-05,602,601,0,"ok",1211,1209,0.0225267582669,4.723442,82722816
602,1305031122.28,1305031122.28,0.000305891036987,603,602,0,"ok",1159,1159,0.0217782714297,6.133551,82722816
603,1305031122.31,1305031122.31,1.97887420654e-05,604,603,0,"ok",1111,1106,0.0323645720686,4.131859,82722816
604,1305031122.35,1305031122.35,2.40802764893e-05,605,604,0,"ok",1119,1102,0.046399818973,8.307895,82722816
605,1305031122.38,1305031122.38,4.79221343994e-05,606,605,0,"ok",1088,1087,0.0228779581801,4.140642,82722816
606,1305031122.41,1305031122.42,1.09672546387e-05,607,606,0,"ok",1092,1090,0.0243401500882,4.250368,82722816
607,1305031122.45,1305031122.45,1.50203704834e-05,608,607,0,"ok",1072,1072,0.02432047316,3.174823,82722816
608,1305031122.48,1305031122.48,2.78949737549e-05,609,608,0,"ok",1102,1101,0.0246391912292,3.899969,82722816
609,1305031122.52,1305031122.52,3.81469726562e-05,610,609,0,"ok",1092,1088,0.0254935563456,2.870665,82722816
610,1305031122.55,1305031122.55,2.00271606445e-05,611,610,0,"ok",1105,1105,0.0234736938725,2.831665,82722816
611,1305031122.58,1305031122.58,8.82148742676e-06,612,611,0,"ok",1080,1079,0.0232787464111,2.820088,82722816
612,1305031122.61,1305031122.62,3.69548797607e-05,613,612,0,"ok",1039,1039,0.0219013368957,2.718835,82722816
613,1305031122.65,1305031122.65,2.19345092773e-05,614,613,0,"ok",1054,1054,0.0198855560735,2.107723,82722816
614,1305031122.68,1305031122.68,1.78813934326e-05,615,614,0,"ok",1023,1023,0.0184909304205,2.063075,82722816
615,1305031122.72,1305031122.72,1.09672546387e-05,616,615,0,"ok",1040,1038,0.0217370987178,2.151689,82722816
616,1305031122.75,1305031122.75,1.09672546387e-05,617,616,0,"ok",1051,1049,0.023003587131,2.284669,82722816
617,1305031122.78,1305031122.78,1.50203704834e-05,618,617,0,"ok",1027,1027,0.0216753617101,2.31756,82722816
618,1305031122.81,1305031122.81,1.00135803223e-05,619,618,0,"ok",982,979,0.0232135167895,4.389077,82722816
619,1305031122.85,1305031122.85,6.79492950439e-05,620,619,0,"ok",960,960,0.0220441834261,3.846538,82722816
620,1305031122.88,1305031122.88,2.09808349609e-05,621,620,0,"ok",932,932,0.0231178279263,3.419262,82722816
621,1305031122.91,1305031122.91,1.4066696167e-05,622,621,0,"ok",893,893,0.0213149971564,3.072499,82722816
622,1305031122.95,1305031122.95,7.20024108887e-05,623,622,0,"ok",898,898,0.0210062770375,2.299612,82722816
623,1305031122.98,1305031122.98,0.000185012817383,624,623,0,"ok",883,883,0.0189308017999,2.001152,82722816
624,1305031123.02,1305031123.02,1.19209289551e-05,625,624,0,"ok",870,864,0.0600479712825,2.320003,82722816
625,1305031123.05,1305031123.05,1.09672546387e-05,626,625,0,"ok",862,853,0.0438507398337,2.029384,82722816
626,1305031123.08,1305031123.08,1.71661376953e-05,627,626,0,"ok",870,857,0.0515682287063,1.86108,82722816
627,1305031123.11,1305031123.11,6.60419464111e-05,628,627,0,"ok",887,887,0.0183680163382,2.095474,82722816
628,1305031123.15,1305031123.15,1.81198120117e-05,629,628,0,"ok",889,887,0.0214689811798,5.610812,82722816
629,1305031123.18,1305031123.18,2.121925354e-05,630,629,0,"ok",853,852,0.0192301772703,2.369488,82722816
630,1305031123.21,1305031123.21,2.00271606445e-05,631,630,0,"ok",854,854,0.019253708491,2.915963,82722816
631,1305031123.25,1305031123.25,2.31266021729e-05,632,631,0,"ok",813,813,0.0183879368198,2.231059,82722816
632,1305031123.28,1305031123.28,1.59740447998e-05,633,632,0,"ok",756,753,0.0242999841916,2.499915,82722816
633,1305031123.31,1305031123.32,0.00966501235962,634,633,0,"ok",759,758,0.0203726899118,2.584913,82722816
634,1305031123.35,1305031123.35,1.19209289551e-05,635,634,0,"ok",734,734,0.0178287743192,2.138439,82722816
635,1305031123.38,1305031123.38,7.86781311035e-06,636,635,0,"ok",731,731,0.0175312732515,2.277439,82722816
636,1305031123.41,1305031123.42,0.00998020172119,637,636,0,"ok",737,737,0.0157363669119,1.624844,82722816
637,1305031123.45,1305031123.45,1.09672546387e-05,638,637,0,"ok",713,713,0.0154513876324,1.68202,82722816
638,1305031123.48,1305031123.48,1.09672546387e-05,639,638,0,"ok",709,709,0.0143656385752,1.683371,82722816
639,1305031123.51,1305031123.52,0.00836515426636,640,639,0,"ok",734,734,0.0153349319883,1.810083,82722816
640,1305031123.55,1305031123.55,6.00814819336e-05,641,640,0,"ok",729,729,0.0124768977855,1.684413,82722816
641,1305031123.58,1305031123.58,3.31401824951e-05,642,641,0,"ok",717,713,0.0200447562371,1.476789,82722816
642,1305031123.61,1305031123.62,0.00905203819275,643,642,0,"ok",736,736,0.0125711270439,1.645745,82722816
643,1305031123.65,1305031123.65,1.90734863281e-05,644,643,0,"ok",733,731,0.017642452989,1.748691,82722816
644,1305031123.68,1305031123.68,3.19480895996e-05,645,644,0,"ok",735,734,0.015102794286,1.607888,82722816
645,1305031123.71,1305031123.72,0.00865197181702,646,645,0,"ok",737,737,0.0140572630645,1.626876,82722816
646,1305031123.75,1305031123.75,0.000257015228271,647,646,0,"ok",715,715,0.0123339311767,1.464431,82722816
647,1305031123.78,1305031123.78,0.000279903411865,648,647,0,"ok",732,732,0.0112360810854,1.387425,82722816
648,1305031123.81,1305031123.82,0.00808787345886,649,648,0,"ok",724,724,0.00919103781254,1.392282,82722816
649,1305031123.85,1305031123.85,0.000107049942017,650,649,0,"ok",728,728,0.00948941529995,1.286863,82722816
650,1305031123.88,1305031123.88,3.31401824951e-05,651,650,0,"ok",733,733,0.00865914379252,1.369407,82722816
651,1305031123.91,1305031123.92,0.00455093383789,652,651,0,"ok",731,731,0.0115772065419,1.569369,82722816
652,1305031123.95,1305031123.95,8.79764556885e-05,653,652,0,"ok",737,737,0.00926285264843,1.26511,82722816
653,1305031123.98,1305031123.98,6.19888305664e-06,654,653,0,"ok",723,723,0.00935543202264,1.344481,82722816
654,1305031124.01,1305031124.02,0.00843501091003,655,654,0,"ok",727,727,0.0144956632656,1.739507,82722816
655,1305031124.05,1305031124.05,2.59876251221e-05,656,655,0,"ok",738,738,0.0151592356543,1.49691,82722816
656,1305031124.08,1305031124.08,6.48498535156e-05,657,656,0,"ok",729,729,0.0121512072411,1.519184,82722816
657,1305031124.11,1305031124.12,0.00833797454834,658,657,0,"ok",723,723,0.0149825196322,2.05333,82722816
658,1305031124.15,1305031124.15,1.21593475342e-05,659,658,0,"ok",738,736,0.0181124227794,1.532875,82722816
659,1305031124.18,1305031124.18,1.31130218506e-05,660,659,0,"rejected_high_rmse_0.1510",729,720,0.150953959803,1.890544,82722816
660,1305031124.21,1305031124.22,0.00578308105469,661,660,0,"ok",720,720,0.0155647581268,2.183557,82722816
661,1305031124.25,1305031124.25,1.31130218506e-05,662,661,0,"ok",726,723,0.0200489753497,1.86078,82722816
662,1305031124.28,1305031124.28,1.00135803223e-05,663,662,0,"ok",755,754,0.0183772414519,1.577101,82722816
663,1305031124.31,1305031124.32,0.00542092323303,664,663,0,"ok",718,717,0.0178304302563,1.779727,82722816
664,1305031124.35,1305031124.35,1.69277191162e-05,665,664,0,"ok",730,720,0.0385745685762,1.749582,82722816
665,1305031124.38,1305031124.38,1.19209289551e-05,666,665,0,"ok",749,744,0.0214363284416,2.707989,82722816
666,1305031124.41,1305031124.42,0.00711607933044,667,666,0,"ok",750,748,0.0220294974812,2.493355,82722816
667,1305031124.45,1305031124.45,1.12056732178e-05,668,667,0,"ok",766,761,0.0306845913342,2.476219,82722816
668,1305031124.48,1305031124.48,2.69412994385e-05,669,668,0,"ok",797,794,0.0227621362565,2.73536,82722816
669,1305031124.51,1305031124.52,0.00541305541992,670,669,0,"ok",810,804,0.0277885234122,2.148945,82722816
670,1305031124.55,1305031124.55,6.60419464111e-05,671,670,0,"ok",819,816,0.0246823178145,2.743142,82722816
671,1305031124.58,1305031124.58,0.00520181655884,672,671,0,"ok",840,835,0.0264130671981,2.045569,82722816
672,1305031124.61,1305031124.62,0.00629496574402,673,672,0,"ok",845,838,0.051127568616,2.528298,82722816
673,1305031124.65,1305031124.65,4.19616699219e-05,674,673,0,"ok",879,869,0.0437088963094,3.249066,82722816
674,1305031124.68,1305031124.69,0.00611090660095,675,674,0,"ok",933,932,0.0255513694861,3.010776,82722816
675,1305031124.71,1305031124.72,0.00453996658325,676,675,0,"ok",956,952,0.0257223184346,3.48375,82722816
676,1305031124.75,1305031124.75,5.10215759277e-05,677,676,0,"ok",957,951,0.0273656757434,2.675109,82722816
677,1305031124.78,1305031124.79,0.00581288337708,678,677,0,"ok",999,977,0.0692825761568,3.980761,82722816
678,1305031124.81,1305031124.82,0.00528120994568,679,678,0,"ok",1022,1017,0.0343095746087,3.513895,82722816
679,1305031124.85,1305031124.85,2.40802764893e-05,680,679,0,"ok",1050,1045,0.0264122707656,2.242156,82722816
680,1305031124.88,1305031124.88,0.00423908233643,681,680,0,"ok",1105,1096,0.0292662629784,2.814409,82722816
681,1305031124.91,1305031124.92,0.00732207298279,682,681,0,"ok",1099,1097,0.0252279971354,5.516129,82722816
682,1305031124.95,1305031124.95,1.78813934326e-05,683,682,0,"ok",1075,1074,0.0213413789662,2.034903,82722816
683,1305031124.98,1305031124.99,0.0070219039917,684,683,0,"ok",1084,1081,0.0223610402177,2.544432,82722816
684,1305031125.01,1305031125.02,0.00801301002502,685,684,0,"ok",1121,1116,0.0268760882198,3.492504,82722816
685,1305031125.05,1305031125.05,3.50475311279e-05,686,685,0,"ok",1166,1161,0.0272584301318,3.402238,82722816
686,1305031125.08,1305031125.08,0.00411581993103,687,686,0,"ok",1176,1174,0.0226995435664,2.800628,82722816
687,1305031125.11,1305031125.12,0.00766515731812,688,687,0,"ok",1205,1204,0.0223326404966,2.864366,82722816
688,1305031125.15,1305031125.15,2.40802764893e-05,689,688,0,"ok",1194,1194,0.0238376857858,4.027161,82722816
689,1305031125.18,1305031125.19,0.0077109336853,690,689,0,"ok",1197,1194,0.0285556357301,3.719066,82722816
690,1305031125.21,1305031125.22,0.00769805908203,691,690,0,"ok",1175,1173,0.0230223102547,3.056836,82722816
691,1305031125.25,1305031125.25,1.00135803223e-05,692,691,0,"ok",1180,1178,0.0209022366214,2.329908,82722816
692,1305031125.28,1305031125.29,0.00692892074585,693,692,0,"ok",1203,1200,0.0254901397141,4.012608,82722816
693,1305031125.31,1305031125.32,0.0076470375061,694,693,0,"ok",1206,1199,0.0299449519264,2.908792,82722816
694,1305031125.35,1305031125.35,1.8835067749e-05,695,694,0,"ok",1226,1225,0.0235327577117,2.944986,82722816
695,1305031125.38,1305031125.39,0.00739097595215,696,695,0,"ok",1196,1192,0.02426027517,2.670692,82722816
696,1305031125.41,1305031125.42,0.00823903083801,697,696,0,"ok",1217,1214,0.0277313018948,3.273102,82722816
697,1305031125.45,1305031125.45,3.69548797607e-05,698,697,0,"ok",1196,1182,0.103945681188,7.448327,82722816
698,1305031125.48,1305031125.49,0.00757503509521,699,698,0,"ok",1165,1161,0.0436552088659,3.692636,82722816
699,1305031125.51,1305031125.52,0.00803804397583,700,699,0,"ok",1153,1142,0.0296404456254,2.387515,82722816
700,1305031125.55,1305031125.55,3.00407409668e-05,701,700,0,"ok",1138,1134,0.0213159363457,2.55005,82722816
701,1305031125.58,1305031125.59,0.00599503517151,702,701,0,"ok",1133,1129,0.0252799808229,2.38405,82722816
702,1305031125.61,1305031125.62,0.00633716583252,703,702,0,"ok",1148,1145,0.0220588604372,3.43083,82722816
703,1305031125.65,1305031125.65,0.000221014022827,704,704,1,"ok",1113,1113,0.0218596478115,2.653857,82722816
704,1305031125.68,1305031125.68,0.00527405738831,705,704,0,"ok",1176,1172,0.0262970181264,3.643542,82722816
705,1305031125.71,1305031125.72,0.00422596931458,706,705,0,"ok",1203,1201,0.0248430294607,3.426734,82722816
706,1305031125.75,1305031125.75,3.19480895996e-05,707,706,0,"ok",1207,1204,0.0250212431187,3.716211,82722816
707,1305031125.78,1305031125.79,0.00745701789856,708,707,0,"ok",1222,1221,0.0202441191053,2.277218,82722816
708,1305031125.81,1305031125.82,0.00787687301636,709,708,0,"ok",1191,1188,0.0218646582446,2.507325,82722816
709,1305031125.85,1305031125.85,0.0073618888855,710,709,0,"ok",1192,1181,0.0322148785309,2.846819,82722816
710,1305031125.88,1305031125.89,0.00732707977295,711,710,0,"ok",1164,1163,0.0210750618541,2.797364,82722816
711,1305031125.91,1305031125.92,0.00802898406982,712,711,0,"ok",1209,1188,0.0466447835644,3.561738,82722816
712,1305031125.95,1305031125.96,0.00790882110596,713,712,0,"ok",1186,1178,0.0287855969368,6.529739,82722816
713,1305031125.98,1305031125.99,0.00776982307434,714,713,0,"ok",1195,1194,0.024843333693,4.007521,82722816
714,1305031126.01,1305031126.02,0.00823903083801,715,714,0,"ok",1208,1204,0.0261002003469,5.461126,82722816
715,1305031126.05,1305031126.06,0.00771403312683,716,715,0,"ok",1227,1226,0.0263234262158,5.700137,82722816
716,1305031126.08,1305031126.09,0.00771999359131,717,716,0,"ok",1185,1181,0.0240440023526,5.823253,82722816
717,1305031126.11,1305031126.12,0.00808191299438,718,717,0,"ok",1122,1121,0.0225702791131,4.372462,82722816
718,1305031126.15,1305031126.15,0.00756788253784,719,718,0,"ok",1108,1107,0.0241040291598,4.505163,82722816
719,1305031126.18,1305031126.19,0.00779008865356,720,719,0,"ok",1080,1078,0.0235361010555,5.10607,82722816
720,1305031126.21,1305031126.22,0.00815391540527,721,720,0,"ok",1024,1024,0.0220459787828,3.499795,82722816
721,1305031126.25,1305031126.26,0.00793790817261,722,721,0,"ok",947,945,0.0230594681595,5.309718,82722816
722,1305031126.28,1305031126.29,0.00774216651917,723,722,0,"ok",940,940,0.0219736421562,3.533736,82722816
723,1305031126.31,1305031126.32,0.00845503807068,724,723,0,"ok",903,902,0.0219718733517,2.76166,82722816
724,1305031126.35,1305031126.36,0.008052110672,725,724,0,"ok",837,836,0.0218368402611,2.393414,82722816
725,1305031126.38,1305031126.39,0.00805997848511,726,725,0,"ok",854,854,0.0209579005623,2.676451,82722816
726,1305031126.41,1305031126.42,0.00832796096802,727,726,0,"ok",773,773,0.0192402796445,2.048453,82722816
727,1305031126.45,1305031126.46,0.0080189704895,728,727,0,"ok",749,749,0.0195840246118,2.332352,82722816
728,1305031126.48,1305031126.49,0.0108530521393,729,728,0,"ok",725,725,0.0174671880386,1.771264,82722816
729,1305031126.51,1305031126.52,0.010910987854,730,729,0,"ok",718,712,0.022664503122,1.659336,82722816
730,1305031126.55,1305031126.56,0.0108349323273,731,730,0,"rejected_high_rmse_0.1396",727,696,0.139604580534,2.468888,82722816
731,1305031126.58,1305031126.59,0.0107221603394,732,731,0,"ok",703,702,0.0187414563328,1.868892,82722816
732,1305031126.61,1305031126.62,0.00715899467468,733,732,0,"ok",695,695,0.0166796239292,1.815121,82722816
733,1305031126.65,1305031126.65,0.00709795951843,734,733,0,"ok",694,692,0.0182634777252,2.387094,82722816
734,1305031126.68,1305031126.69,0.0105431079865,735,734,0,"ok",677,677,0.0147331661723,1.512183,82722816
735,1305031126.71,1305031126.72,0.00418710708618,736,735,0,"ok",678,678,0.0139397831723,1.697703,82722816
736,1305031126.75,1305031126.76,0.00805807113647,737,736,0,"ok",645,645,0.0128592139035,1.342147,82722816
737,1305031126.78,1305031126.79,0.00818610191345,738,737,0,"ok",650,649,0.013424815101,1.341576,82722816
738,1305031126.81,1305031126.82,0.00832676887512,739,738,0,"ok",663,663,0.0113503471815,1.310849,82722816
739,1305031126.85,1305031126.86,0.0110349655151,740,739,0,"ok",679,679,0.0134301618853,1.412032,82722816
740,1305031126.88,1305031126.89,0.00879693031311,741,740,0,"ok",681,681,0.0108130626499,1.318051,82722816
741,1305031126.91,1305031126.92,0.00804495811462,742,741,0,"ok",677,677,0.00891560091035,1.422448,82722816
742,1305031126.95,1305031126.96,0.00806403160095,743,742,0,"ok",686,686,0.0100390622923,1.425392,82722816
743,1305031126.98,1305031126.99,0.00797891616821,744,743,0,"ok",685,685,0.0105602391068,1.322657,82722816
744,1305031127.01,1305031127.02,0.00815320014954,745,744,0,"ok",693,693,0.00862504390104,1.338651,82722816
745,1305031127.05,1305031127.05,0.00602102279663,746,745,0,"ok",684,684,0.00831343939416,1.328496,82722816
746,1305031127.08,1305031127.09,0.00935006141663,747,746,0,"ok",688,684,0.0990314731231,1.207573,82722816
747,1305031127.11,1305031127.12,0.00952816009521,748,747,0,"ok",702,702,0.0123860122908,1.378592,82722816
748,1305031127.15,1305031127.16,0.0103850364685,749,748,0,"ok",689,689,0.0124962033618,1.360474,82722816
749,1305031127.18,1305031127.19,0.00815105438232,750,749,0,"ok",701,701,0.0145424829525,1.601709,82722816
750,1305031127.21,1305031127.22,0.0101311206818,751,750,0,"ok",686,686,0.0115746473999,1.461788,82722816
751,1305031127.25,1305031127.26,0.0123870372772,752,751,0,"ok",683,683,0.0133098923429,1.442509,82722816
752,1305031127.28,1305031127.29,0.00757312774658,753,752,0,"ok",689,689,0.013617115181,1.472303,82722816
753,1305031127.31,1305031127.32,0.00910592079163,754,753,0,"ok",661,661,0.0083586331708,1.319462,82722816
754,1305031127.35,1305031127.35,0.00605082511902,755,754,0,"ok",689,689,0.0130321414633,1.339503,82722816
755,1305031127.38,1305031127.38,0.00445103645325,756,755,0,"ok",720,708,0.053654062781,1.54953,82722816
756,1305031127.41,1305031127.42,0.0082790851593,757,756,0,"ok",717,717,0.0107254765301,1.330299,82722816
757,1305031127.45,1305031127.45,0.00691294670105,758,757,0,"ok",700,700,0.0130379104326,1.406654,82722816
758,1305031127.48,1305031127.49,0.00783801078796,759,758,0,"ok",706,704,0.0180263228316,1.346804,82722816
759,1305031127.51,1305031127.52,0.0105438232422,760,759,0,"ok",697,697,0.011376059885,1.305231,82722816
760,1305031127.55,1305031127.55,0.00637698173523,761,760,0,"ok",711,711,0.0126862877327,1.290128,82722816
761,1305031127.58,1305031127.59,0.00728702545166,762,761,0,"ok",704,701,0.020476786233,1.412783,82722816
762,1305031127.61,1305031127.62,0.00938606262207,763,762,0,"ok",699,698,0.0131166405836,1.53626,82722816
763,1305031127.65,1305031127.65,0.0072979927063,764,763,0,"ok",687,687,0.0107067934283,1.334786,82722816
764,1305031127.68,1305031127.69,0.00781202316284,765,764,0,"ok",708,707,0.0149393641278,1.391291,82722816
765,1305031127.71,1305031127.72,0.0118350982666,766,765,0,"ok",727,727,0.0124548429271,1.399583,82722816
766,1305031127.75,1305031127.75,0.00739002227783,767,766,0,"ok",703,702,0.0129633764268,1.496189,82722816
767,1305031127.78,1305031127.79,0.0082950592041,768,767,0,"ok",719,719,0.0127856584257,1.599334,82722816
768,1305031127.81,1305031127.82,0.00829887390137,769,768,0,"ok",734,734,0.0141612330968,1.573296,82722816
769,1305031127.85,1305031127.86,0.00776600837708,770,769,0,"ok",725,725,0.0112728970335,1.44292,82722816
770,1305031127.88,1305031127.89,0.00774192810059,771,770,0,"ok",723,721,0.0168423264657,1.52912,82722816
771,1305031127.91,1305031127.92,0.0110840797424,772,771,0,"ok",710,710,0.0113522450506,1.29092,82722816
772,1305031127.95,1305031127.96,0.00772190093994,773,772,0,"ok",711,710,0.0149538549214,1.78727,82722816
773,1305031127.98,1305031127.99,0.00772190093994,774,773,0,"ok",714,706,0.0352248565651,1.698095,82722816
774,1305031128.01,1305031128.02,0.0103490352631,775,774,0,"ok",683,683,0.0147323663139,1.305793,82722816
775,1305031128.05,1305031128.06,0.00834894180298,776,775,0,"ok",699,699,0.0141147164502,1.321867,82722816
776,1305031128.08,1305031128.09,0.0078718662262,777,776,0,"ok",698,697,0.0145791781079,1.420065,82722816
777,1305031128.11,1305031128.12,0.0133550167084,778,777,0,"ok",689,689,0.0132325688359,1.418844,82722816
778,1305031128.15,1305031128.16,0.0103640556335,779,778,0,"ok",692,690,0.0146325576474,1.439535,82722816
779,1305031128.18,1305031128.19,0.00787115097046,780,779,0,"ok",699,696,0.0224720780164,1.366585,82722816
780,1305031128.21,1305031128.23,0.0139949321747,781,780,0,"ok",678,677,0.0148693970442,1.452675,82722816
781,1305031128.25,1305031128.26,0.00852704048157,782,781,0,"ok",682,677,0.0499414222019,1.341677,82722816
782,1305031128.28,1305031128.29,0.0119390487671,783,782,0,"ok",679,679,0.0113990467509,1.211921,82722816
783,1305031128.31,1305031128.32,0.0126872062683,784,783,0,"ok",676,671,0.0406452364496,1.508729,82722816
784,1305031128.35,1305031128.36,0.00778293609619,785,784,0,"ok",670,670,0.0114704885607,1.311672,82722816
785,1305031128.38,1305031128.39,0.011992931366,786,785,0,"ok",680,676,0.0320929823634,1.503081,82722816
786,1305031128.41,1305031128.42,0.0122721195221,787,786,0,"ok",688,687,0.0163462487886,1.340054,82722816
787,1305031128.45,1305031128.46,0.00820302963257,788,787,0,"ok",655,655,0.0122571096732,1.303019,82722816
788,1305031128.48,1305031128.49,0.0102269649506,789,788,0,"ok",672,664,0.0369990843727,1.322528,82722816
789,1305031128.51,1305031128.52,0.0121710300446,790,789,0,"ok",670,670,0.0113223497483,1.327035,82722816
790,1305031128.55,1305031128.56,0.00823998451233,791,790,0,"ok",679,673,0.0346887567839,1.346464,82722816
791,1305031128.58,1305031128.59,0.0120050907135,792,791,0,"ok",665,665,0.010203689796,1.324912,82722816
792,1305031128.61,1305031128.62,0.0119731426239,793,792,0,"ok",684,673,0.0474969317855,1.480817,82722816
793,1305031128.65,1305031128.66,0.00820207595825,794,793,0,"ok",689,689,0.0152523212031,1.355257,82722816
794,1305031128.68,1305031128.69,0.011167049408,795,794,0,"ok",676,676,0.0141683824719,1.469851,82722816
795,1305031128.71,1305031128.72,0.0115189552307,796,795,0,"ok",680,680,0.0133469059934,1.354457,82722816
796,1305031128.75,1305031128.75,0.00728297233582,797,796,0,"ok",697,697,0.0152542885769,1.388358,82722816
