pair_index,source_points,target_points,status,iterations,correspondences,inlier_rmse_m,registration_runtime_s,input_preprocessing_runtime_s,end_to_end_runtime_s,process_peak_rss_bytes
1,1294,1286,"ok",22,1287,0.0325470604928,0.010316,0.0102172,0.0205332,35123200
2,1181,1294,"ok",12,1178,0.0221482505412,0.0051681,0.0113985,0.0165666,35123200
3,1158,1181,"ok",15,1158,0.022136210569,0.0051284,0.0109201,0.0160485,35123200
4,1047,1158,"ok",18,1046,0.0210044194787,0.0061229,0.0110605,0.0171834,35123200
5,1067,1047,"ok",8,1067,0.019927076554,0.0028518,0.0115391,0.0143909,35123200
6,1031,1067,"ok",5,1025,0.0444567351037,0.0016576,0.0105049,0.0121625,35123200
7,1005,1031,"ok",9,1004,0.0217877734643,0.0030777,0.0108852,0.0139629,35123200
8,1017,1005,"ok",21,1010,0.0577444607205,0.0093192,0.010919,0.0202382,35123200
9,930,1017,"ok",8,930,0.0198681333925,0.0043111,0.0109166,0.0152277,35123200
10,883,930,"ok",11,883,0.0186952611177,0.0032688,0.0107701,0.0140389,35123200
11,842,883,"ok",13,841,0.0204932391417,0.0037416,0.0105878,0.0143294,35123200
12,794,842,"ok",4,792,0.0163988249432,0.0009069,0.0110886,0.0119955,35123200
13,779,794,"ok",7,779,0.0178722852173,0.0013756,0.0109014,0.012277,35123200
14,747,779,"ok",8,746,0.0184325820203,0.0016516,0.0110825,0.0127341,35123200
15,791,747,"ok",6,791,0.0190983176634,0.0014818,0.0110207,0.0125025,35123200
16,765,791,"ok",6,765,0.0175005057847,0.0012173,0.0109712,0.0121885,35123200
17,698,765,"ok",5,698,0.0187562966394,0.0009691,0.0109291,0.0118982,35123200
18,718,698,"ok",6,718,0.0178276644546,0.0010704,0.011135,0.0122054,35123200
19,679,718,"ok",11,679,0.0175873429524,0.0021428,0.0109599,0.0131027,35123200
20,649,679,"ok",8,649,0.0165485749772,0.0014667,0.0110703,0.012537,35123200
21,671,649,"ok",6,668,0.0193005230364,0.0011488,0.0107758,0.0119246,35123200
22,653,671,"ok",7,653,0.0161140488757,0.0011127,0.011068,0.0121807,35123200
23,632,653,"ok",5,632,0.0156661038862,0.0008832,0.0109346,0.0118178,35123200
24,623,632,"ok",5,623,0.0127653819985,0.0007636,0.0104535,0.0112171,35123200
25,623,623,"ok",4,619,0.0301337625756,0.0007147,0.0106189,0.0113336,35123200
26,594,623,"ok",10,594,0.0148711951669,0.0014073,0.010926,0.0123333,35123200
27,581,594,"ok",7,581,0.0159007393417,0.0009731,0.0131737,0.0141468,35123200
28,545,581,"ok",5,545,0.01470265959,0.0009301,0.0110296,0.0119597,35123200
29,532,545,"ok",9,532,0.0150338929956,0.000929,0.0106659,0.0115949,35123200
30,531,532,"ok",7,531,0.0153674655105,0.0008563,0.0107122,0.0115685,35123200
31,511,531,"ok",3,511,0.00923910839046,0.0003232,0.0114706,0.0117938,35123200
32,503,511,"ok",5,503,0.01443894793,0.0004568,0.0107335,0.0111903,35123200
33,502,503,"ok",3,502,0.00843056983101,0.000296,0.0105805,0.0108765,35123200
34,519,502,"ok",4,519,0.0124574057423,0.0004384,0.0115371,0.0119755,35123200
35,525,519,"ok",4,524,0.0152536329948,0.0004617,0.0116758,0.0121375,35123200
36,536,525,"ok",4,536,0.0151546493886,0.0005137,0.0117107,0.0122244,35123200
37,544,536,"ok",4,544,0.0153798871544,0.0005025,0.0116461,0.0121486,35123200
38,570,544,"rejected: residual_rmse_m 0.1709 > 0.1200",5,566,0.170861409374,0.0099005,0.0122257,0.0221262,35123200
39,615,570,"ok",5,615,0.0188052515068,0.0007656,0.0113881,0.0121537,35123200
40,644,615,"ok",6,642,0.0212608971109,0.0008689,0.0110905,0.0119594,35123200
41,662,644,"ok",7,662,0.0206901831565,0.0011683,0.0118179,0.0129862,35123200
42,679,662,"ok",8,678,0.0196957078621,0.0012758,0.0111829,0.0124587,35123200
43,734,679,"ok",7,718,0.117573003417,0.0013919,0.0109761,0.012368,35123200
44,727,734,"ok",7,727,0.0204882302413,0.0013467,0.0116637,0.0130104,35123200
45,742,727,"ok",6,740,0.0201165766008,0.0011332,0.0110472,0.0121804,35123200
46,760,742,"ok",7,751,0.0519578876765,0.0016639,0.0116582,0.0133221,35123200
47,774,760,"ok",9,773,0.0224849125464,0.0020802,0.0110254,0.0131056,35123200
48,818,774,"ok",13,816,0.024121426443,0.0028306,0.011191,0.0140216,35123200
49,853,818,"ok",9,842,0.0405062235663,0.0020849,0.0114296,0.0135145,35123200
50,921,853,"ok",5,917,0.0254713239461,0.0013068,0.0107079,0.0120147,35123200
51,913,921,"ok",9,906,0.0267590209732,0.0023107,0.0107165,0.0130272,35123200
52,981,913,"ok",9,966,0.0715543823677,0.0025161,0.0116483,0.0141644,35123200
53,990,981,"ok",7,975,0.043950531832,0.0018705,0.0112608,0.0131313,35123200
54,1020,990,"ok",9,1007,0.0395265173943,0.0027266,0.0108297,0.0135563,35123200
55,1053,1020,"ok",9,1034,0.0369407663724,0.0028219,0.0115873,0.0144092,35123200
56,1026,1053,"ok",8,1025,0.0239742588472,0.0024079,0.0128085,0.0152164,35123200
57,1104,1026,"ok",11,1093,0.0602048046955,0.0035043,0.0125127,0.016017,35123200
58,1131,1104,"ok",11,1127,0.0252205968412,0.0036357,0.011092,0.0147277,35123200
59,1159,1131,"ok",9,1156,0.0253507059792,0.0033749,0.0114767,0.0148516,35123200
60,1205,1159,"ok",12,1204,0.0249802295983,0.004457,0.0124679,0.0169249,35123200
61,1215,1205,"ok",10,1203,0.0426993709574,0.0039285,0.0122227,0.0161512,35123200
62,1216,1215,"ok",7,1211,0.0258954249793,0.0027732,0.012609,0.0153822,35123200
63,1255,1216,"ok",8,1238,0.0900570532404,0.0033966,0.0134827,0.0168793,35123200
64,1233,1255,"ok",5,1231,0.0211305055094,0.0020086,0.017103,0.0191116,35123200
65,1245,1233,"ok",5,1245,0.0221968345931,0.0020656,0.0117636,0.0138292,35123200
66,1315,1245,"ok",7,1311,0.0258962764802,0.0030316,0.0149852,0.0180168,35123200
67,1399,1315,"ok",18,1394,0.0292321589236,0.0084064,0.0124135,0.0208199,35123200
68,1447,1399,"ok",12,1442,0.0265325301772,0.0058569,0.0117436,0.0176005,35123200
69,1565,1447,"ok",11,1547,0.0397419791727,0.0064328,0.0109672,0.0174,35123200
70,1622,1565,"ok",16,1608,0.0424947760337,0.0101679,0.0118321,0.022,35123200
71,1683,1622,"ok",19,1669,0.0353207211593,0.0119929,0.0118005,0.0237934,35123200
72,1781,1683,"ok",16,1779,0.0319814584852,0.0106753,0.0113879,0.0220632,35123200
73,1870,1781,"ok",14,1865,0.0315904189808,0.0112795,0.0113632,0.0226427,35123200
74,1952,1870,"ok",25,1948,0.0312122599775,0.0188399,0.0124216,0.0312615,35123200
75,1990,1952,"ok",23,1984,0.0346188486214,0.0179659,0.0118436,0.0298095,35123200
76,2111,1990,"ok",19,2100,0.0352493385424,0.0162633,0.0115215,0.0277848,35123200
77,2097,2111,"ok",8,2082,0.0340528495388,0.0069945,0.0131267,0.0201212,35123200
78,2067,2097,"ok",4,2064,0.0244335135392,0.0032028,0.0118697,0.0150725,35123200
79,2051,2067,"ok",4,2046,0.0218721910769,0.0031318,0.0153341,0.0184659,35123200
80,2077,2051,"ok",4,2074,0.0224808681547,0.0029916,0.0126923,0.0156839,35123200
81,2053,2077,"ok",7,2048,0.025880047318,0.0062371,0.0163732,0.0226103,35123200
82,1994,2053,"ok",19,1994,0.0242776950221,0.0193492,0.0124449,0.0317941,35123200
83,1953,1994,"ok",12,1946,0.0268333247837,0.0104619,0.0113091,0.021771,35123200
84,1907,1953,"ok",6,1907,0.0246997086608,0.0052412,0.0110843,0.0163255,35123200
85,1816,1907,"ok",11,1811,0.0278867970527,0.0085321,0.0109322,0.0194643,35123200
86,1733,1816,"ok",20,1725,0.033825711328,0.0149551,0.0112098,0.0261649,35123200
87,1631,1733,"ok",15,1627,0.0279848430416,0.0110612,0.0110529,0.0221141,35123200
88,1578,1631,"ok",28,1574,0.0316895265232,0.0166524,0.0113937,0.0280461,35123200
89,1484,1578,"ok",22,1480,0.0270365784069,0.0124401,0.0111884,0.0236285,35123200
90,1403,1484,"ok",22,1402,0.025886464515,0.0115888,0.0116274,0.0232162,35123200
91,1277,1403,"ok",28,1271,0.0283193771707,0.0131879,0.0110489,0.0242368,35123200
92,1246,1277,"ok",20,1237,0.0510863982452,0.0092858,0.0108322,0.020118,35123200
93,1202,1246,"ok",19,1199,0.0291201787225,0.0080196,0.0109086,0.0189282,35123200
94,1143,1202,"ok",10,1142,0.0232554133388,0.0037075,0.011062,0.0147695,35123200
95,1111,1143,"ok",17,1111,0.0238237675719,0.0059502,0.0110706,0.0170208,35123200
96,1047,1111,"ok",11,1042,0.0254713762173,0.0033887,0.0110229,0.0144116,35123200
97,1003,1047,"ok",8,1003,0.0213849601474,0.0026975,0.0118003,0.0144978,35123200
98,982,1003,"ok",7,981,0.0224020371242,0.0018644,0.0116232,0.0134876,35123200
99,918,982,"ok",9,918,0.0219182850055,0.0022306,0.011291,0.0135216,35123200
100,909,918,"ok",7,909,0.0199867174597,0.001665,0.0112196,0.0128846,35123200
101,908,909,"ok",9,907,0.0211129736871,0.0023517,0.0113029,0.0136546,35123200
102,892,908,"ok",6,891,0.0198543722964,0.0013934,0.0113691,0.0127625,35123200
103,848,892,"ok",9,848,0.0199997414714,0.0021835,0.0104331,0.0126166,35123200
104,797,848,"ok",8,795,0.0198812829234,0.0016623,0.011422,0.0130843,35123200
105,809,797,"ok",6,808,0.0190369894467,0.0014054,0.011269,0.0126744,35123200
106,809,809,"ok",9,809,0.0188566630863,0.0019549,0.0109462,0.0129011,35123200
107,760,809,"ok",5,759,0.0212529966476,0.0011046,0.0108158,0.0119204,35123200
108,760,760,"ok",5,758,0.0201533565427,0.0010885,0.0117146,0.0128031,35123200
109,695,760,"ok",8,695,0.0163867133715,0.0013354,0.01042,0.0117554,35123200
110,661,695,"ok",7,661,0.0161246251229,0.0011576,0.0102423,0.0113999,35123200
111,620,661,"ok",5,620,0.0148978452892,0.0007921,0.0111965,0.0119886,35123200
112,573,620,"ok",4,573,0.013935879448,0.0005784,0.0108909,0.0114693,35123200
113,569,573,"ok",6,569,0.0163770370139,0.0008387,0.0107118,0.0115505,35123200
114,557,569,"ok",5,557,0.0149925944173,0.0006366,0.0106258,0.0112624,35123200
115,542,557,"ok",4,542,0.0144264627961,0.000492,0.0107211,0.0112131,35123200
116,519,542,"ok",3,519,0.0140062932007,0.0003772,0.0114068,0.011784,35123200
117,493,519,"ok",5,493,0.0124239257163,0.0004526,0.0117115,0.0121641,35123200
118,498,493,"ok",4,498,0.013780558611,0.0003935,0.0108304,0.0112239,35123200
119,495,498,"ok",5,495,0.0137440193379,0.0005015,0.0108731,0.0113746,35123200
120,494,495,"ok",5,494,0.0137494325498,0.0005452,0.0104795,0.0110247,35123200
121,470,494,"ok",11,470,0.0148803326632,0.0009188,0.0111068,0.0120256,35123200
122,434,470,"ok",4,434,0.0117428002945,0.0004608,0.0112203,0.0116811,35123200
123,413,434,"ok",3,413,0.00923644281642,0.0002556,0.01076,0.0110156,35123200
124,425,413,"ok",3,425,0.0121965164362,0.0002674,0.0110772,0.0113446,35123200
125,452,425,"ok",4,452,0.0146078230095,0.0003812,0.0106896,0.0110708,35123200
126,471,452,"ok",6,469,0.0207558168149,0.0007757,0.0109838,0.0117595,35123200
127,467,471,"ok",5,467,0.0141943714811,0.0005144,0.0110312,0.0115456,35123200
128,514,467,"ok",4,514,0.0159583099786,0.0004925,0.0101464,0.0106389,35123200
129,525,514,"ok",10,525,0.0144872499507,0.0009794,0.0103441,0.0113235,35123200
130,522,525,"ok",6,522,0.0160112546761,0.000611,0.0109172,0.0115282,35123200
131,562,522,"ok",6,562,0.0172872529807,0.0008771,0.0103339,0.011211,35123200
132,588,562,"ok",11,588,0.0171966304065,0.0013305,0.0107652,0.0120957,35123200
133,623,588,"ok",6,623,0.0174224956982,0.0008937,0.0110031,0.0118968,35123200
134,640,623,"rejected: residual_rmse_m 0.1952 > 0.1200",9,633,0.195215535219,0.0014362,0.010201,0.0116372,35123200
135,641,640,"ok",7,641,0.0173852698281,0.0010864,0.0105891,0.0116755,35123200
136,700,641,"ok",12,699,0.0212810374975,0.0020551,0.0103125,0.0123676,35123200
137,687,700,"ok",7,687,0.0185372172526,0.0012528,0.0106859,0.0119387,35123200
138,721,687,"ok",16,720,0.0212231543749,0.002929,0.0102522,0.0131812,35123200
139,782,721,"ok",8,764,0.100045413329,0.0021801,0.0104517,0.0126318,35123200
140,796,782,"ok",8,796,0.0222033789234,0.0016216,0.0108035,0.0124251,35123200
141,834,796,"ok",10,831,0.0211109307607,0.002346,0.010086,0.012432,35123200
142,859,834,"ok",10,851,0.0343172998383,0.0021414,0.0101475,0.0122889,35123200
143,892,859,"ok",5,859,0.111801548805,0.0014509,0.0102892,0.0117401,35123200
144,955,892,"ok",14,947,0.0275865905969,0.0037454,0.0104466,0.014192,35123200
145,912,955,"ok",11,906,0.0254876655903,0.0027047,0.0105227,0.0132274,35123200
146,1019,912,"ok",8,1003,0.0711244942996,0.0025136,0.0109839,0.0134975,35123200
147,1041,1019,"ok",7,1041,0.0245681732818,0.002114,0.0104839,0.0125979,35123200
148,1160,1041,"ok",11,1156,0.0291086450224,0.0034978,0.0103465,0.0138443,35123200
149,1135,1160,"ok",11,1123,0.0495808510923,0.0039161,0.0104577,0.0143738,35123200
150,1229,1135,"ok",12,1185,0.115581635975,0.00533,0.0109407,0.0162707,35123200
151,1302,1229,"ok",11,1291,0.0347153016176,0.0052088,0.0112941,0.0165029,35123200
152,1387,1302,"ok",14,1373,0.0391778093199,0.0068153,0.011685,0.0185003,35123200
153,1425,1387,"ok",13,1420,0.0318328243877,0.0066703,0.0106901,0.0173604,35123200
154,1433,1425,"ok",17,1428,0.0270780267415,0.0082738,0.0109475,0.0192213,35123200
155,1422,1433,"ok",7,1413,0.0255625929943,0.0034542,0.0113985,0.0148527,35123200
156,1389,1422,"ok",6,1382,0.0298329321438,0.0029944,0.0105822,0.0135766,35123200
157,1379,1389,"ok",5,1376,0.0211653553855,0.0022912,0.0110336,0.0133248,35123200
158,1379,1379,"ok",4,1376,0.0217254705155,0.0019024,0.0110738,0.0129762,35123200
159,1356,1379,"ok",4,1352,0.024590227994,0.0019112,0.0110729,0.0129841,35123200
160,1311,1356,"ok",6,1306,0.02354391929,0.0022782,0.0109409,0.0132191,35123200
161,1291,1311,"ok",4,1286,0.0205537397451,0.0017727,0.0117653,0.013538,35123200
162,1305,1291,"ok",6,1304,0.023063608348,0.0026319,0.0107455,0.0133774,35123200
163,1281,1305,"ok",5,1279,0.022720623861,0.0021579,0.010957,0.0131149,35123200
164,1238,1281,"ok",5,1234,0.024078912222,0.0019219,0.0112711,0.013193,35123200
165,1226,1238,"ok",5,1226,0.0199304798155,0.0019241,0.0105964,0.0125205,35123200
166,1191,1226,"ok",4,1189,0.0184318796047,0.0014098,0.0105523,0.0119621,35123200
167,1201,1191,"ok",4,1197,0.0225949015131,0.0014899,0.0107638,0.0122537,35123200
168,1190,1201,"ok",7,1188,0.0219550755141,0.0024898,0.0106815,0.0131713,35123200
169,1250,1190,"ok",14,1230,0.0349665816581,0.0053524,0.0107144,0.0160668,35123200
170,1263,1250,"ok",8,1255,0.0362319723888,0.0033078,0.0110049,0.0143127,35123200
171,1274,1263,"ok",21,1272,0.0242082556205,0.0086229,0.0112637,0.0198866,35123200
172,1234,1274,"ok",21,1232,0.0255903303769,0.0084911,0.0112451,0.0197362,35123200
173,1252,1234,"ok",30,1233,0.0444353920074,0.0117382,0.010936,0.0226742,35123200
174,1263,1252,"ok",8,1257,0.0255361490338,0.0030779,0.0114018,0.0144797,35123200
175,1226,1263,"ok",6,1221,0.0252249025401,0.0024469,0.0110912,0.0135381,35123200
176,1170,1226,"ok",16,1170,0.0229295474384,0.0064456,0.0109025,0.0173481,35123200
177,1172,1170,"ok",4,1168,0.0228848722279,0.0017297,0.0107293,0.012459,35123200
178,1144,1172,"ok",6,1144,0.0205926738709,0.0023272,0.010201,0.0125282,35123200
179,1094,1144,"ok",14,1091,0.0277691757638,0.0045053,0.0106393,0.0151446,35123200
180,1061,1094,"ok",29,1061,0.0189899813129,0.0081354,0.0102952,0.0184306,35123200
181,1003,1061,"ok",8,1002,0.0195472855953,0.0022959,0.0099829,0.0122788,35123200
182,985,1003,"ok",9,985,0.0180679543112,0.0020373,0.0105759,0.0126132,35123200
183,954,985,"ok",5,954,0.0181809756851,0.0013816,0.0101123,0.0114939,35123200
184,956,954,"ok",8,956,0.0181075219047,0.0020745,0.0098957,0.0119702,35123200
185,933,956,"ok",9,933,0.0196420831435,0.0022958,0.0101858,0.0124816,35123200
186,961,933,"ok",21,959,0.0256165341859,0.0058108,0.0102977,0.0161085,35123200
187,919,961,"ok",8,919,0.0219427858139,0.0025866,0.0103154,0.012902,35123200
188,903,919,"ok",8,903,0.0215601882239,0.0019885,0.0105607,0.0125492,35123200
189,869,903,"ok",14,869,0.0190834886842,0.0033584,0.0108383,0.0141967,35123200
190,853,869,"ok",14,852,0.0224475339177,0.0032485,0.0104461,0.0136946,35123200
191,819,853,"ok",16,816,0.0322310537208,0.0038463,0.0107806,0.0146269,35123200
192,815,819,"ok",9,815,0.0174796445934,0.0019351,0.0103589,0.012294,35123200
193,824,815,"ok",6,824,0.0167820447876,0.001287,0.0105823,0.0118693,35123200
194,800,824,"ok",6,800,0.0156597544096,0.0012798,0.0106069,0.0118867,35123200
195,803,800,"ok",7,801,0.0210167832366,0.0014007,0.0104284,0.0118291,35123200
196,850,803,"rejected: residual_rmse_m 0.1318 > 0.1200",5,840,0.131823075694,0.0011989,0.0104272,0.0116261,35123200
197,860,850,"ok",10,857,0.0221828158273,0.0022925,0.0105134,0.0128059,35123200
198,851,860,"ok",6,844,0.0793408940653,0.0017441,0.0104877,0.0122318,35123200
199,864,851,"ok",5,864,0.0163306762138,0.0012273,0.0102833,0.0115106,35123200
200,869,864,"ok",7,860,0.0319218565938,0.0021923,0.0101042,0.0122965,35123200
201,861,869,"ok",20,861,0.0194079201445,0.0048373,0.0106642,0.0155015,35123200
202,857,861,"ok",5,854,0.0223491944843,0.0013929,0.0105789,0.0119718,35123200
203,895,857,"ok",13,895,0.0230729442179,0.0040128,0.0106122,0.014625,35123200
204,888,895,"ok",6,888,0.0221194684553,0.0020512,0.0102195,0.0122707,35123200
205,869,888,"ok",11,869,0.0205347806413,0.0039026,0.010511,0.0144136,35123200
206,889,869,"ok",4,885,0.036600025365,0.0014972,0.0102783,0.0117755,35123200
207,918,889,"ok",9,912,0.0339484816512,0.0032606,0.0101454,0.013406,35123200
208,919,918,"ok",13,919,0.0219099649339,0.004869,0.0106117,0.0154807,35123200
209,905,919,"ok",12,905,0.022111164086,0.0036969,0.0109129,0.0146098,35123200
210,922,905,"ok",6,921,0.0237615163121,0.0017231,0.0107403,0.0124634,35123200
211,919,922,"ok",14,919,0.0215819104084,0.0035881,0.0104943,0.0140824,35123200
212,914,919,"ok",9,912,0.0210651617504,0.0023872,0.0107263,0.0131135,35123200
213,957,914,"ok",4,957,0.0175895044614,0.0010086,0.0106133,0.0116219,35123200
214,994,957,"ok",6,994,0.0186900531375,0.0016037,0.0106829,0.0122866,35123200
215,980,994,"ok",4,979,0.0167339345873,0.001095,0.0106899,0.0117849,35123200
216,996,980,"ok",5,993,0.0197585070531,0.0012325,0.010922,0.0121545,35123200
217,986,996,"ok",5,985,0.0174755821226,0.0016028,0.0103934,0.0119962,35123200
218,995,986,"ok",5,992,0.0199606469722,0.0016832,0.0108667,0.0125499,35123200
219,975,995,"ok",5,975,0.0214093208211,0.0018374,0.0108024,0.0126398,35123200
220,967,975,"ok",13,966,0.0213999841377,0.0043219,0.0106233,0.0149452,35123200
221,950,967,"ok",6,949,0.0193139145374,0.0018236,0.0108022,0.0126258,35123200
222,939,950,"ok",4,939,0.0187352808454,0.0011695,0.0102465,0.011416,35123200
223,942,939,"ok",8,937,0.0488253190692,0.0020048,0.0108583,0.0128631,35123200
224,911,942,"ok",6,906,0.0493480877657,0.0015178,0.0106697,0.0121875,35123200
225,927,911,"ok",8,921,0.0241003546167,0.002016,0.0102019,0.0122179,35123200
226,903,927,"ok",9,898,0.0300314805156,0.0019983,0.0099447,0.011943,35123200
227,961,903,"ok",9,958,0.023833517152,0.0026145,0.0103239,0.0129384,35123200
228,938,961,"ok",11,933,0.0259884378791,0.0026335,0.0107457,0.0133792,35123200
229,930,938,"ok",10,930,0.0224690948651,0.0023479,0.0104222,0.0127701,35123200
230,954,930,"ok",10,954,0.0218168079265,0.0025736,0.0108991,0.0134727,35123200
231,972,954,"ok",12,972,0.021178597749,0.0028513,0.0101947,0.013046,35123200
232,976,972,"ok",8,976,0.0208811611478,0.0020197,0.0102288,0.0122485,35123200
233,965,976,"ok",8,965,0.0214448556253,0.0021827,0.0103674,0.0125501,35123200
234,970,965,"ok",5,969,0.0234810440528,0.0013477,0.0101528,0.0115005,35123200
235,1024,970,"ok",8,1024,0.0207136030017,0.0019819,0.010116,0.0120979,35123200
236,1051,1024,"ok",8,1049,0.0229641780856,0.0021509,0.0104214,0.0125723,35123200
237,1105,1051,"ok",12,1104,0.0222660831245,0.0034552,0.0113863,0.0148415,35123200
238,1152,1105,"ok",10,1149,0.0241275267624,0.0032619,0.0096677,0.0129296,35123200
239,1162,1152,"ok",13,1150,0.042434454827,0.0051556,0.0101122,0.0152678,35123200
240,1206,1162,"ok",8,1202,0.0250469162134,0.0032429,0.0104601,0.013703,35123200
241,1269,1206,"ok",10,1269,0.0269063912024,0.0043271,0.0104964,0.0148235,35123200
242,1310,1269,"ok",7,1308,0.027030636002,0.0031746,0.0104373,0.0136119,35123200
243,1349,1310,"ok",7,1348,0.0241837858403,0.0031514,0.0109718,0.0141232,35123200
244,1360,1349,"ok",13,1353,0.0318388801772,0.005571,0.0101477,0.0157187,35123200
245,1355,1360,"ok",22,1354,0.0245914890732,0.0105751,0.0147849,0.02536,35123200
246,1382,1355,"ok",8,1382,0.0232617029527,0.003828,0.01105,0.014878,35123200
247,1381,1382,"ok",5,1381,0.0191087990786,0.0022232,0.0112577,0.0134809,35123200
248,1399,1381,"ok",5,1399,0.0197441927816,0.002277,0.0110242,0.0133012,35123200
249,1370,1399,"ok",7,1370,0.0210663452545,0.003165,0.0106265,0.0137915,35123200
250,1392,1370,"ok",5,1392,0.0173352078881,0.0023276,0.0107681,0.0130957,35123200
251,1335,1392,"ok",4,1335,0.0152785769483,0.0017659,0.0113864,0.0131523,35123200
252,1367,1335,"ok",6,1350,0.0453332205987,0.0030991,0.0104332,0.0135323,35123200
253,1365,1367,"ok",4,1365,0.0182446644227,0.0019088,0.0103828,0.0122916,35123200
254,1353,1365,"ok",4,1350,0.0181557675229,0.0018461,0.0106193,0.0124654,35123200
255,1351,1353,"ok",3,1341,0.0343661373367,0.0014697,0.0109002,0.0123699,35123200
256,1340,1351,"ok",3,1334,0.0216509259562,0.0013457,0.0103774,0.0117231,35123200
257,1363,1340,"ok",5,1346,0.0402163897862,0.0025727,0.0099724,0.0125451,35123200
258,1378,1363,"ok",27,1378,0.0207426080016,0.0126003,0.0104683,0.0230686,35123200
259,1364,1378,"ok",7,1362,0.020551878887,0.0031451,0.0103431,0.0134882,35123200
260,1342,1364,"ok",8,1341,0.0190314779725,0.0040126,0.0105719,0.0145845,35123200
261,1331,1342,"ok",4,1330,0.0176800787107,0.0022382,0.0109798,0.013218,35123200
262,1328,1331,"ok",6,1327,0.0193762313075,0.0027664,0.0100065,0.0127729,35123200
263,1323,1328,"ok",6,1318,0.0233601132131,0.0026114,0.010054,0.0126654,35123200
264,1268,1323,"ok",7,1267,0.0228512800986,0.00294,0.0104223,0.0133623,35123200
265,1224,1268,"ok",5,1221,0.0210833855853,0.0021065,0.0104995,0.012606,35123200
266,1241,1224,"ok",17,1233,0.0295893939096,0.0066024,0.0102183,0.0168207,35123200
267,1200,1241,"ok",5,1196,0.0244113777139,0.0018908,0.0101817,0.0120725,35123200
268,1185,1200,"ok",5,1185,0.0203737560177,0.0017589,0.0102758,0.0120347,35123200
269,1188,1185,"ok",15,1185,0.0245886015847,0.0052387,0.0100632,0.0153019,35123200
270,1165,1188,"ok",8,1165,0.0221980507691,0.0029152,0.0097706,0.0126858,35123200
271,1197,1165,"ok",6,1195,0.0196189786815,0.002014,0.0099765,0.0119905,35123200
272,1121,1197,"ok",11,1120,0.0244645576107,0.0040818,0.0096541,0.0137359,35123200
273,1073,1121,"ok",30,1071,0.0263209697007,0.0103216,0.009907,0.0202286,35123200
274,1059,1073,"ok",8,1055,0.040563986649,0.0025436,0.0100857,0.0126293,35123200
275,1018,1059,"ok",9,1018,0.026015559097,0.0028657,0.0099751,0.0128408,35123200
276,1004,1018,"ok",5,999,0.0239289322679,0.0013371,0.0103429,0.01168,35123200
277,1029,1004,"ok",8,1027,0.0243769142672,0.0023064,0.0101399,0.0124463,35123200
278,970,1029,"ok",30,967,0.0264771294833,0.0096726,0.0099082,0.0195808,35123200
279,947,970,"ok",11,946,0.0226589614975,0.0028915,0.0102065,0.013098,35123200
280,925,947,"ok",30,917,0.0346217761408,0.0088472,0.0125132,0.0213604,35123200
281,903,925,"ok",24,900,0.0264503572418,0.0067414,0.014377,0.0211184,35123200
282,838,903,"ok",25,836,0.0229512603596,0.0062731,0.0134741,0.0197472,35123200
283,868,838,"ok",7,846,0.117286902359,0.0020743,0.0120626,0.0141369,35123200
284,866,868,"ok",4,860,0.0267062606101,0.0010235,0.0110022,0.0120257,35123200
285,805,866,"ok",5,803,0.0167007939147,0.0011311,0.0111287,0.0122598,35123200
286,875,805,"ok",7,875,0.0191998192311,0.0015845,0.0107204,0.0123049,35123200
287,847,875,"ok",6,841,0.0356071758969,0.0015168,0.0117737,0.0132905,35123200
288,868,847,"ok",7,866,0.0215623705393,0.001955,0.0118976,0.0138526,35123200
289,888,868,"ok",6,871,0.0514579788738,0.0018392,0.0112565,0.0130957,35123200
290,849,888,"ok",23,847,0.023171996996,0.0060085,0.0098557,0.0158642,35123200
291,835,849,"ok",7,830,0.0316542674447,0.0016777,0.0097588,0.0114365,35123200
292,825,835,"ok",7,823,0.0220019503714,0.0020234,0.0095574,0.0115808,35123200
293,842,825,"ok",8,838,0.0260779597245,0.0021009,0.0094737,0.0115746,35123200
294,839,842,"ok",12,839,0.0213111906096,0.0028437,0.0101229,0.0129666,35123200
295,858,839,"ok",12,853,0.0289551022656,0.0029424,0.0101647,0.0131071,35123200
296,845,858,"ok",8,845,0.0218597425769,0.001856,0.0105582,0.0124142,35123200
297,848,845,"ok",6,847,0.0224775296558,0.0016007,0.0097601,0.0113608,35123200
298,850,848,"ok",8,846,0.0238175049493,0.0018325,0.0102551,0.0120876,35123200
299,832,850,"ok",10,832,0.0179237541025,0.0018865,0.0110217,0.0129082,35123200
300,864,832,"ok",4,862,0.01702222004,0.0008993,0.0132622,0.0141615,35123200
301,884,864,"ok",7,884,0.0188364642367,0.0015715,0.0119958,0.0135673,35123200
302,862,884,"ok",8,862,0.0178746072273,0.0017268,0.0122139,0.0139407,35123200
303,867,862,"ok",4,866,0.0168194068781,0.0008788,0.010757,0.0116358,35123200
304,883,867,"ok",5,883,0.0147685275658,0.0010618,0.0106545,0.0117163,35123200
305,878,883,"ok",5,878,0.0142943617095,0.0009915,0.0101322,0.0111237,35123200
306,911,878,"ok",8,896,0.087674012227,0.0019354,0.0096896,0.011625,35123200
307,883,911,"ok",12,883,0.0224544420567,0.0032134,0.0100148,0.0132282,35123200
308,855,883,"ok",7,855,0.0193007258042,0.0015124,0.0104416,0.011954,35123200
309,844,855,"ok",6,844,0.017887370037,0.0013739,0.0103853,0.0117592,35123200
310,807,844,"ok",15,807,0.0189312489862,0.0031543,0.0104839,0.0136382,35123200
311,771,807,"ok",10,771,0.0167690138835,0.0019362,0.0105965,0.0125327,35123200
312,765,771,"ok",4,765,0.013632923384,0.0007522,0.0099024,0.0106546,35123200
313,783,765,"ok",8,783,0.0168598431948,0.0016278,0.0097629,0.0113907,35123200
314,743,783,"ok",6,740,0.0200590542492,0.00115,0.0103178,0.0114678,35123200
315,749,743,"rejected: residual_rmse_m 0.1479 > 0.1200",8,741,0.147926435177,0.0014119,0.0101608,0.0115727,35123200
316,717,749,"ok",10,717,0.0158902107138,0.0018823,0.0099567,0.011839,35123200
317,728,717,"ok",7,724,0.0224927944778,0.0013878,0.0098191,0.0112069,35123200
318,727,728,"ok",6,726,0.017559207751,0.0010549,0.010394,0.0114489,35123200
319,737,727,"ok",5,736,0.0166305235673,0.0009156,0.0106328,0.0115484,35123200
320,756,737,"ok",6,755,0.0207731936135,0.0011295,0.0131966,0.0143261,35123200
321,804,756,"ok",10,802,0.0222102726121,0.001881,0.0147436,0.0166246,35123200
322,793,804,"ok",7,792,0.0185736641288,0.0014072,0.0110757,0.0124829,35123200
323,802,793,"ok",4,802,0.0169261336499,0.0008356,0.0106625,0.0114981,35123200
324,804,802,"ok",8,786,0.0488406212154,0.0016598,0.0106118,0.0122716,35123200
325,840,804,"ok",7,840,0.0201768769383,0.001593,0.0101644,0.0117574,35123200
326,833,840,"ok",9,833,0.0183390130941,0.0019215,0.0102219,0.0121434,35123200
327,873,833,"ok",7,867,0.0310947526397,0.0020092,0.0099083,0.0119175,35123200
328,922,873,"ok",23,921,0.0269717016169,0.0059615,0.0097595,0.015721,35123200
329,931,922,"ok",18,931,0.0227814061031,0.004555,0.0100655,0.0146205,35123200
330,974,931,"ok",16,973,0.0233779920526,0.0051146,0.0104732,0.0155878,35123200
331,971,974,"ok",15,969,0.0235778870502,0.0039606,0.0118273,0.0157879,35123200
332,958,971,"ok",14,955,0.0247633232121,0.0038585,0.0115411,0.0153996,35123200
333,950,958,"ok",7,945,0.027093267028,0.0021532,0.0115746,0.0137278,35123200
334,960,950,"ok",8,954,0.0317459471425,0.0021255,0.0105741,0.0126996,35123200
335,974,960,"ok",11,973,0.0216733045713,0.0028957,0.0104174,0.0133131,35123200
336,954,974,"ok",13,950,0.0242524266285,0.0034392,0.0107183,0.0141575,35123200
337,932,954,"ok",8,928,0.0236797283232,0.0024683,0.0104789,0.0129472,35123200
338,952,932,"ok",5,939,0.0665107393227,0.0012884,0.0114106,0.012699,35123200
339,946,952,"ok",6,941,0.0221976661901,0.0020949,0.0110731,0.013168,35123200
340,949,946,"ok",6,945,0.0202744483417,0.0014713,0.011299,0.0127703,35123200
341,963,949,"ok",4,960,0.0262168244716,0.0010448,0.0113219,0.0123667,35123200
342,986,963,"ok",4,985,0.0183515026952,0.0011849,0.0171442,0.0183291,35123200
343,1010,986,"ok",5,1010,0.020807816641,0.0014352,0.0142023,0.0156375,35123200
344,1037,1010,"ok",5,1031,0.0253171593027,0.001548,0.0142717,0.0158197,35123200
345,1039,1037,"ok",5,1037,0.0219164345123,0.0014036,0.0202711,0.0216747,35123200
346,1043,1039,"ok",5,1038,0.0253701436972,0.0013562,0.0118474,0.0132036,35123200
347,1082,1043,"ok",5,1080,0.027058073869,0.0015552,0.0128261,0.0143813,35123200
348,1115,1082,"ok",4,1115,0.0213599163952,0.0013747,0.0127469,0.0141216,35123200
349,1156,1115,"ok",6,1147,0.0283279318077,0.0021935,0.0125173,0.0147108,35123200
350,1196,1156,"ok",12,1185,0.0449486773444,0.0048719,0.0128445,0.0177164,35123200
351,1240,1196,"ok",12,1239,0.0251918822702,0.0059339,0.0126145,0.0185484,35123200
352,1300,1240,"ok",4,1295,0.0252249126133,0.0017981,0.0126462,0.0144443,35123200
353,1319,1300,"ok",7,1317,0.0254008939753,0.0031528,0.0112998,0.0144526,35123200
354,1338,1319,"ok",4,1338,0.0219561377545,0.0019169,0.0144562,0.0163731,35123200
355,1396,1338,"ok",8,1394,0.0256773036472,0.0039163,0.014525,0.0184413,35123200
356,1438,1396,"ok",17,1431,0.0277807794546,0.0093541,0.0146361,0.0239902,35123200
357,1460,1438,"ok",17,1452,0.0396657894584,0.0090545,0.0128327,0.0218872,35123200
358,1485,1460,"ok",8,1484,0.0255861077058,0.0047104,0.0174141,0.0221245,35123200
359,1500,1485,"ok",5,1499,0.0222235449117,0.0035922,0.013383,0.0169752,35123200
360,1548,1500,"ok",5,1543,0.0392020268573,0.0036089,0.0129242,0.0165331,35123200
361,1580,1548,"ok",9,1578,0.0249669567383,0.0069505,0.0163947,0.0233452,35123200
362,1638,1580,"ok",22,1631,0.0278989155476,0.0277858,0.0128066,0.0405924,35123200
363,1666,1638,"ok",20,1663,0.0263942715674,0.0143693,0.0128282,0.0271975,35123200
364,1650,1666,"ok",6,1646,0.0247171224776,0.0036332,0.0134307,0.0170639,35123200
365,1634,1650,"ok",7,1632,0.0197254261379,0.0067547,0.0156048,0.0223595,35123200
366,1643,1634,"ok",7,1624,0.057567697112,0.0066066,0.0141903,0.0207969,35123200
367,1674,1643,"ok",16,1673,0.0271729962214,0.0117408,0.0181106,0.0298514,35123200
368,1702,1674,"ok",10,1699,0.0256139091232,0.0076183,0.0158482,0.0234665,35123200
369,1672,1702,"ok",7,1671,0.0223298302174,0.0059374,0.0202956,0.026233,35123200
370,1671,1672,"ok",4,1669,0.0217597031781,0.0058699,0.0119637,0.0178336,35123200
371,1646,1671,"ok",5,1643,0.0226641787634,0.0027455,0.0147778,0.0175233,35123200
372,1656,1646,"ok",8,1645,0.0383154857498,0.0107752,0.0181767,0.0289519,35123200
373,1627,1656,"ok",4,1622,0.0357815904416,0.0044027,0.0175145,0.0219172,35123200
374,1630,1627,"ok",3,1629,0.0179407409467,0.0035989,0.0129828,0.0165817,35123200
375,1643,1630,"ok",5,1643,0.019702958676,0.0060527,0.0106968,0.0167495,35123200
376,1660,1643,"ok",7,1644,0.0518310066705,0.0092434,0.0105427,0.0197861,35123200
377,1608,1660,"ok",9,1608,0.0247908465124,0.0059826,0.0107686,0.0167512,35123200
378,1579,1608,"ok",19,1569,0.0415709119685,0.0132149,0.0105513,0.0237662,35123200
379,1549,1579,"ok",10,1543,0.0270499144828,0.0065166,0.0104432,0.0169598,35123200
380,1518,1549,"ok",11,1518,0.0248910918342,0.0065156,0.0102221,0.0167377,35123200
381,1453,1518,"ok",15,1453,0.0260417202154,0.0094579,0.009838,0.0192959,35123200
382,1372,1453,"ok",17,1372,0.024683118001,0.0077878,0.010376,0.0181638,35123200
383,1366,1372,"ok",8,1364,0.0235100530023,0.0035547,0.0102764,0.0138311,35123200
384,1318,1366,"ok",8,1309,0.0375668259025,0.0038628,0.0099363,0.0137991,35123200
385,1309,1318,"ok",11,1292,0.0537224155973,0.0050633,0.0101015,0.0151648,35123200
386,1291,1309,"ok",5,1279,0.0338741392436,0.0020807,0.0100957,0.0121764,35123200
387,1244,1291,"ok",12,1239,0.0339064284624,0.004749,0.0100558,0.0148048,35123200
388,1210,1244,"ok",30,1190,0.0628176844821,0.0123957,0.0101443,0.02254,35123200
389,1087,1210,"ok",18,1085,0.0239132357965,0.0060023,0.0113654,0.0173677,35123200
390,1083,1087,"ok",9,1083,0.0217467125493,0.0028549,0.0108213,0.0136762,35123200
391,1056,1083,"ok",5,1055,0.022136650971,0.0014723,0.0100585,0.0115308,35123200
392,1034,1056,"ok",5,1034,0.0221340034952,0.0014022,0.0098637,0.0112659,35123200
393,951,1034,"ok",19,951,0.0232128944256,0.00487,0.0095661,0.0144361,35123200
394,912,951,"ok",24,908,0.0241521217633,0.007166,0.0096104,0.0167764,35123200
395,871,912,"ok",9,871,0.0232819333819,0.0023888,0.0098521,0.0122409,35123200
396,848,871,"ok",7,847,0.0220434230674,0.0017255,0.0100251,0.0117506,35123200
397,790,848,"ok",7,790,0.0210534556174,0.0015864,0.0101238,0.0117102,35123200
398,802,790,"ok",8,795,0.0319422719975,0.0017925,0.0101501,0.0119426,35123200
399,813,802,"ok",13,813,0.0197011195636,0.0028587,0.012459,0.0153177,35123200
400,778,813,"ok",7,778,0.019695550083,0.0015549,0.0099833,0.0115382,35123200
401,799,778,"ok",8,788,0.0651946950168,0.0020775,0.0098921,0.0119696,35123200
402,780,799,"ok",6,776,0.0220810341762,0.0013206,0.0098563,0.0111769,35123200
403,761,780,"ok",21,753,0.0313313991049,0.0036253,0.0102674,0.0138927,35123200
404,773,761,"ok",6,769,0.0241899677067,0.0012344,0.0109782,0.0122126,35123200
405,756,773,"ok",4,756,0.0167153639579,0.0007979,0.0100499,0.0108478,35123200
406,739,756,"ok",6,739,0.0185189814756,0.001182,0.0101614,0.0113434,35123200
407,709,739,"ok",4,709,0.0170110678644,0.0008837,0.0102428,0.0111265,35123200
408,680,709,"ok",6,676,0.047682708619,0.0012473,0.0098771,0.0111244,35123200
409,636,680,"ok",8,636,0.0202206628596,0.0013162,0.0105113,0.0118275,35123200
410,614,636,"ok",9,613,0.021326767837,0.0015261,0.0104792,0.0120053,35123200
411,602,614,"ok",4,602,0.0192433040509,0.0007142,0.0097523,0.0104665,35123200
412,587,602,"ok",6,587,0.0155747203413,0.0008675,0.0095126,0.0103801,35123200
413,562,587,"ok",4,562,0.0139952369121,0.0009259,0.0106124,0.0115383,35123200
414,568,562,"ok",5,568,0.0140296234618,0.0007898,0.0098428,0.0106326,35123200
415,569,568,"ok",3,569,0.0127433286709,0.0004199,0.009499,0.0099189,35123200
416,573,569,"ok",5,573,0.0158210240442,0.0006245,0.0098243,0.0104488,35123200
417,576,573,"ok",3,576,0.014014062458,0.0004302,0.0098562,0.0102864,35123200
418,558,576,"ok",3,558,0.0123233811057,0.0003618,0.0099856,0.0103474,35123200
419,562,558,"ok",5,562,0.0133550428387,0.000863,0.0100461,0.0109091,35123200
420,567,562,"ok",3,567,0.0100908860131,0.0004246,0.0102128,0.0106374,35123200
421,558,567,"ok",4,558,0.0112352612402,0.0004695,0.0118628,0.0123323,35123200
422,557,558,"ok",3,557,0.00936404135071,0.0003906,0.0100141,0.0104047,35123200
423,551,557,"ok",3,551,0.0100906026041,0.0003898,0.0106113,0.0110011,35123200
424,543,551,"ok",3,543,0.00894663715467,0.0004399,0.0105037,0.0109436,35123200
425,552,543,"ok",4,552,0.0129853467785,0.0005021,0.0111932,0.0116953,35123200
426,574,552,"ok",4,574,0.0155588309592,0.000703,0.0113283,0.0120313,35123200
427,563,574,"ok",4,558,0.0215765251322,0.000613,0.0102803,0.0108933,35123200
428,591,563,"ok",7,590,0.017088045572,0.0010146,0.0108653,0.0118799,35123200
429,584,591,"ok",4,583,0.0161922245096,0.0005922,0.0128882,0.0134804,35123200
430,603,584,"ok",4,597,0.0255688420683,0.0008788,0.0118367,0.0127155,35123200
431,615,603,"ok",6,611,0.0315457671058,0.0009221,0.0106053,0.0115274,35123200
432,638,615,"ok",4,638,0.0186916389351,0.0008031,0.0107284,0.0115315,35123200
433,639,638,"ok",6,636,0.0219617188611,0.0010381,0.0100771,0.0111152,35123200
434,661,639,"ok",7,661,0.0194855647916,0.0012934,0.0097667,0.0110601,35123200
435,665,661,"ok",11,665,0.0213772146047,0.0020787,0.0116653,0.013744,35123200
436,663,665,"ok",7,663,0.0230913816243,0.0014373,0.011655,0.0130923,35123200
437,677,663,"ok",21,677,0.0220374900275,0.0036873,0.0110853,0.0147726,35123200
438,712,677,"ok",18,712,0.0206772032193,0.0033556,0.0130757,0.0164313,35123200
439,737,712,"ok",8,737,0.020775065147,0.0018024,0.0103465,0.0121489,35123200
440,716,737,"ok",6,716,0.0188390663184,0.0012572,0.0110553,0.0123125,35123200
441,706,716,"rejected: residual_rmse_m 0.1213 > 0.1200",7,702,0.121250999753,0.0015036,0.0096727,0.0111763,35123200
442,710,706,"ok",6,710,0.0192814899063,0.0012556,0.009808,0.0110636,35123200
443,734,710,"rejected: residual_rmse_m 0.1268 > 0.1200",6,721,0.126806952392,0.0014054,0.0098842,0.0112896,35123200
444,734,734,"ok",5,727,0.0233452523996,0.0009665,0.0100217,0.0109882,35123200
445,702,734,"ok",7,702,0.0159991893739,0.0013584,0.0101908,0.0115492,35123200
446,678,702,"ok",5,678,0.014203683926,0.0010544,0.0113691,0.0124235,35123200
447,683,678,"ok",4,683,0.0134057411371,0.0007275,0.0125669,0.0132944,35123200
448,684,683,"ok",3,682,0.0141600939965,0.0006136,0.0121578,0.0127714,35123200
449,680,684,"ok",4,680,0.0135167268394,0.0007141,0.0119787,0.0126928,35123200
450,707,680,"ok",6,700,0.0271363776088,0.0011455,0.0110092,0.0121547,35123200
451,722,707,"ok",6,717,0.0255208125447,0.0011053,0.0126817,0.013787,35123200
452,741,722,"ok",4,741,0.018960483936,0.0009569,0.0120838,0.0130407,35123200
453,762,741,"ok",8,762,0.0201073449509,0.00167,0.0104163,0.0120863,35123200
454,819,762,"ok",12,818,0.0212037524636,0.0026753,0.0100938,0.0127691,35123200
455,816,819,"ok",8,816,0.0199983993262,0.0021275,0.0104488,0.0125763,35123200
456,830,816,"ok",4,830,0.0187464660522,0.0009376,0.0104825,0.0114201,35123200
457,872,830,"ok",16,870,0.0302843432095,0.0037699,0.0102007,0.0139706,35123200
458,890,872,"ok",5,889,0.0192322407773,0.0012878,0.0102069,0.0114947,35123200
459,920,890,"ok",4,920,0.0191432963138,0.0013121,0.0103099,0.011622,35123200
460,926,920,"ok",7,921,0.0247230980531,0.0024199,0.0100805,0.0125004,35123200
461,925,926,"ok",4,925,0.0206741631656,0.0015652,0.0101525,0.0117177,35123200
462,927,925,"ok",11,925,0.0286626819015,0.0037924,0.0102863,0.0140787,35123200
463,964,927,"ok",11,960,0.0265745852275,0.0040573,0.010074,0.0141313,35123200
464,963,964,"ok",5,957,0.0247385062867,0.0022616,0.0100719,0.0123335,35123200
465,965,963,"ok",4,964,0.0202375573269,0.0018433,0.010493,0.0123363,35123200
466,947,965,"ok",4,946,0.0191071641355,0.0015247,0.0108629,0.0123876,35123200
467,952,947,"ok",4,951,0.0178033000416,0.0015004,0.0105855,0.0120859,35123200
468,936,952,"ok",3,930,0.0218937994826,0.0010753,0.0103591,0.0114344,35123200
469,967,936,"ok",5,953,0.0673919700625,0.0016738,0.0101416,0.0118154,35123200
470,956,967,"ok",4,954,0.0286486261022,0.0018569,0.0103313,0.0121882,35123200
471,933,956,"ok",5,924,0.0253366276503,0.0017563,0.0104998,0.0122561,35123200
472,922,933,"ok",5,922,0.0187607913113,0.0020468,0.0105741,0.0126209,35123200
473,934,922,"ok",8,933,0.021542172859,0.00275,0.0107956,0.0135456,35123200
474,930,934,"ok",10,924,0.0249835376367,0.0034066,0.0105952,0.0140018,35123200
475,957,930,"ok",19,957,0.0210607619447,0.0062354,0.0105768,0.0168122,35123200
476,1000,957,"ok",14,995,0.0272764117715,0.0038013,0.0103444,0.0141457,35123200
477,1020,1000,"ok",11,1016,0.0250310853694,0.003143,0.0102967,0.0134397,35123200
478,1029,1020,"ok",13,1028,0.0220727437493,0.0037335,0.0118658,0.0155993,35123200
479,1062,1029,"ok",16,1051,0.0916580194563,0.004739,0.0142199,0.0189589,35123200
480,1090,1062,"ok",5,1084,0.0475595559835,0.001765,0.0125255,0.0142905,35123200
481,1078,1090,"ok",5,1073,0.0334156435554,0.001435,0.0104389,0.0118739,35123200
482,1088,1078,"ok",5,1086,0.0197122893404,0.0018069,0.0105871,0.012394,35123200
483,1051,1088,"ok",3,1051,0.0168250223021,0.0009691,0.0114337,0.0124028,35123200
484,1081,1051,"ok",5,1080,0.0228594562056,0.0016508,0.0115284,0.0131792,35123200
485,1031,1081,"ok",4,1030,0.0185155773494,0.0011826,0.0104619,0.0116445,35123200
486,1000,1031,"ok",7,1000,0.0187936381279,0.0018866,0.0102098,0.0120964,35123200
487,1000,1000,"ok",15,998,0.0206981703039,0.0047359,0.0105218,0.0152577,35123200
488,976,1000,"ok",18,971,0.0258621798151,0.0048328,0.0102411,0.0150739,35123200
489,977,976,"ok",4,972,0.0213422957255,0.0012183,0.0102966,0.0115149,35123200
490,1026,977,"ok",6,1015,0.0374324462663,0.002333,0.0101748,0.0125078,35123200
491,980,1026,"ok",21,980,0.02221284563,0.0074394,0.0103804,0.0178198,35123200
492,953,980,"ok",4,953,0.0201001780729,0.0013869,0.0104859,0.0118728,35123200
493,977,953,"ok",4,975,0.0212597943639,0.0015083,0.010767,0.0122753,35123200
494,988,977,"ok",14,988,0.0209567954083,0.005095,0.0107991,0.0158941,35123200
495,998,988,"ok",7,998,0.0212417056297,0.0022382,0.0104042,0.0126424,35123200
496,960,998,"ok",4,959,0.0181016018967,0.0011185,0.0104879,0.0116064,35123200
497,901,960,"ok",15,901,0.0208398447568,0.0035513,0.0110678,0.0146191,35123200
498,966,901,"ok",13,964,0.0216461724424,0.0031446,0.0107372,0.0138818,35123200
499,938,966,"ok",7,938,0.0199960113508,0.0019029,0.0109939,0.0128968,35123200
500,934,938,"ok",5,934,0.0186856709288,0.0014793,0.0103479,0.0118272,35123200
501,928,934,"ok",5,928,0.0192940170727,0.0015839,0.0106527,0.0122366,35123200
502,925,928,"ok",4,925,0.0202790344732,0.0011463,0.0106785,0.0118248,35123200
503,941,925,"ok",7,938,0.0313421833596,0.0018101,0.0108039,0.012614,35123200
504,943,941,"ok",7,942,0.0206464487029,0.0016298,0.0107988,0.0124286,35123200
505,949,943,"ok",4,945,0.021635178255,0.0009412,0.0102055,0.0111467,35123200
506,964,949,"ok",6,963,0.0204984727912,0.0019974,0.0110614,0.0130588,35123200
507,968,964,"ok",4,967,0.0183947982829,0.0009596,0.0102501,0.0112097,35123200
508,979,968,"ok",5,979,0.0186901544697,0.0014715,0.0108556,0.0123271,35123200
509,933,979,"ok",4,933,0.0198352652833,0.0010233,0.0105917,0.011615,35123200
510,913,933,"ok",4,913,0.020346904151,0.001164,0.0107323,0.0118963,35123200
511,891,913,"ok",4,891,0.0193032426821,0.001045,0.0105882,0.0116332,35123200
512,906,891,"ok",5,904,0.0211696770662,0.0013429,0.0106217,0.0119646,35123200
513,886,906,"ok",6,884,0.0216125054535,0.0016952,0.0103543,0.0120495,35123200
514,866,886,"ok",5,866,0.0205888613429,0.0013059,0.0112862,0.0125921,35123200
515,865,866,"ok",13,860,0.0224445496806,0.0039719,0.010944,0.0149159,35123200
516,866,865,"rejected: residual_rmse_m 0.1335 > 0.1200",11,835,0.133521224805,0.0047275,0.0108266,0.0155541,35123200
517,859,866,"ok",11,856,0.0216042734059,0.0026174,0.0101403,0.0127577,35123200
518,812,859,"ok",9,812,0.0184646791816,0.0021568,0.0109459,0.0131027,35123200
519,800,812,"ok",6,800,0.0195979789973,0.0012451,0.0115458,0.0127909,35123200
520,786,800,"ok",8,786,0.0159422181337,0.0017564,0.0104262,0.0121826,35123200
521,793,786,"ok",6,793,0.0164806658797,0.0013169,0.0102559,0.0115728,35123200
522,803,793,"ok",6,800,0.0190252332381,0.001411,0.0108156,0.0122266,35123200
523,764,803,"ok",8,764,0.015964849466,0.0016452,0.0108274,0.0124726,35123200
524,748,764,"ok",3,748,0.0132761522121,0.0006046,0.0103222,0.0109268,35123200
525,767,748,"ok",10,757,0.0495734812439,0.0021706,0.0106303,0.0128009,35123200
526,755,767,"ok",5,753,0.0185140180598,0.0012438,0.0105586,0.0118024,35123200
527,753,755,"ok",4,752,0.0161563196969,0.0011433,0.01065,0.0117933,35123200
528,757,753,"ok",10,757,0.0172299287347,0.0022506,0.0105059,0.0127565,35123200
529,743,757,"ok",4,743,0.0135568649156,0.0008683,0.0107742,0.0116425,35123200
530,756,743,"ok",4,756,0.0121852460888,0.0007732,0.0108125,0.0115857,35123200
531,746,756,"ok",4,746,0.0118951607323,0.00073,0.0107009,0.0114309,35123200
532,734,746,"ok",4,734,0.00960407738909,0.0006278,0.0102309,0.0108587,35123200
533,740,734,"ok",3,740,0.0146954929356,0.0007543,0.0105514,0.0113057,35123200
534,755,740,"ok",5,751,0.0201295327326,0.0010463,0.0106977,0.011744,35123200
535,744,755,"ok",3,743,0.0160953381737,0.0006765,0.0107841,0.0114606,35123200
536,756,744,"ok",5,748,0.0403389451756,0.0009307,0.0104932,0.0114239,35123200
537,750,756,"ok",4,748,0.0185767526782,0.0012575,0.0105505,0.011808,35123200
538,739,750,"ok",5,739,0.0170637030571,0.0010129,0.0104712,0.0114841,35123200
539,746,739,"ok",7,746,0.0172815061421,0.0012586,0.010105,0.0113636,35123200
540,761,746,"ok",12,761,0.0202366972545,0.0024043,0.0106161,0.0130204,35123200
541,752,761,"ok",11,751,0.0201101797839,0.002308,0.0100993,0.0124073,35123200
542,747,752,"ok",6,738,0.0438525882349,0.0013778,0.0104282,0.011806,35123200
543,786,747,"ok",9,778,0.0300944524677,0.0020234,0.010051,0.0120744,35123200
544,824,786,"ok",7,814,0.0648792830829,0.0015682,0.0099531,0.0115213,35123200
545,840,824,"ok",7,836,0.0255184412015,0.0017788,0.0104435,0.0122223,35123200
546,878,840,"ok",9,874,0.0249069086175,0.0026421,0.010256,0.0128981,35123200
547,900,878,"ok",9,895,0.0281949295092,0.0021879,0.0102236,0.0124115,35123200
548,901,900,"ok",7,898,0.0246265461692,0.00176,0.0107902,0.0125502,35123200
549,907,901,"ok",6,905,0.023193460242,0.0013925,0.0108324,0.0122249,35123200
550,965,907,"ok",8,941,0.080635462392,0.00222,0.011174,0.013394,35123200
551,992,965,"ok",14,974,0.0434590680093,0.0040808,0.0109983,0.0150791,35123200
552,973,992,"ok",5,964,0.0293233615676,0.0013163,0.010478,0.0117943,35123200
553,1018,973,"ok",5,1017,0.0209481277226,0.0015262,0.0106456,0.0121718,35123200
554,1018,1018,"ok",9,1012,0.0263495695498,0.0025322,0.0104306,0.0129628,35123200
555,1027,1018,"ok",3,1026,0.0205077355195,0.0008481,0.010449,0.0112971,35123200
556,1042,1027,"ok",4,1039,0.0220830544687,0.0010345,0.0103598,0.0113943,35123200
557,1043,1042,"ok",5,1042,0.0212080544646,0.0015427,0.010723,0.0122657,35123200
558,1055,1043,"ok",6,1043,0.0290858140942,0.0018843,0.0106156,0.0124999,35123200
559,1041,1055,"ok",5,1039,0.021263363964,0.001711,0.0108975,0.0126085,35123200
560,1097,1041,"ok",15,1091,0.0288127280823,0.0046065,0.0110132,0.0156197,35123200
561,1123,1097,"ok",19,1122,0.0248222742413,0.0068074,0.0112848,0.0180922,35123200
562,1166,1123,"ok",6,1161,0.0258501356745,0.0026227,0.0107008,0.0133235,35123200
563,1160,1166,"ok",8,1155,0.0255105765973,0.0036647,0.0113508,0.0150155,35123200
564,1186,1160,"ok",8,1181,0.0321133712864,0.0034906,0.0112999,0.0147905,35123200
565,1202,1186,"ok",5,1202,0.0216494698779,0.0020224,0.0115943,0.0136167,35123200
566,1217,1202,"ok",5,1214,0.024191139257,0.0021044,0.0114752,0.0135796,35123200
567,1235,1217,"ok",21,1233,0.0246554411148,0.0108696,0.0114773,0.0223469,35123200
568,1249,1235,"ok",8,1244,0.0255364223694,0.0036419,0.0124002,0.0160421,35123200
569,1257,1249,"ok",12,1252,0.0273226062787,0.0049435,0.0116192,0.0165627,35123200
570,1296,1257,"ok",11,1278,0.111092707955,0.0054706,0.0116323,0.0171029,35123200
571,1343,1296,"ok",6,1331,0.056793874036,0.0033198,0.0116181,0.0149379,35123200
572,1340,1343,"ok",19,1331,0.0306569366151,0.0092068,0.0121753,0.0213821,35123200
573,1328,1340,"ok",7,1324,0.0256564882173,0.0032887,0.0111244,0.0144131,35123200
574,1316,1328,"ok",4,1305,0.029137284819,0.0018684,0.0112766,0.013145,35123200
575,1312,1316,"ok",4,1308,0.0227554248569,0.0020149,0.0112596,0.0132745,35123200
576,1358,1312,"ok",5,1353,0.0238072598826,0.0023169,0.0109092,0.0132261,35123200
577,1351,1358,"ok",6,1342,0.0254918226201,0.0027677,0.011575,0.0143427,35123200
578,1336,1351,"ok",5,1334,0.0208517958725,0.0023745,0.0110771,0.0134516,35123200
579,1317,1336,"ok",4,1315,0.0185235794437,0.0017045,0.0110458,0.0127503,35123200
580,1306,1317,"ok",5,1304,0.0193488202675,0.0020384,0.0119343,0.0139727,35123200
581,1304,1306,"ok",5,1303,0.0186923113561,0.0021611,0.0109647,0.0131258,35123200
582,1297,1304,"ok",4,1293,0.0255518887655,0.0018025,0.0115397,0.0133422,35123200
583,1297,1297,"ok",4,1296,0.0192213893485,0.0017441,0.0122553,0.0139994,35123200
584,1271,1297,"ok",4,1270,0.0179574631026,0.0017286,0.0116823,0.0134109,35123200
585,1273,1271,"ok",4,1267,0.026255080332,0.0016587,0.0114367,0.0130954,35123200
586,1272,1273,"ok",4,1267,0.0201123320216,0.0016673,0.0120548,0.0137221,35123200
587,1265,1272,"ok",5,1265,0.0190969374561,0.0021245,0.0113545,0.013479,35123200
588,1280,1265,"ok",5,1275,0.0255891708387,0.0019249,0.0116107,0.0135356,35123200
589,1288,1280,"ok",5,1287,0.0209952312619,0.0020549,0.0121157,0.0141706,35123200
590,1301,1288,"ok",4,1300,0.0212630109889,0.0018503,0.0109459,0.0127962,35123200
591,1256,1301,"ok",4,1253,0.0240449678243,0.0016321,0.011236,0.0128681,35123200
592,1235,1256,"ok",8,1232,0.0224629071123,0.0032957,0.0110781,0.0143738,35123200
593,1245,1235,"ok",7,1240,0.0242648082301,0.0031383,0.0108343,0.0139726,35123200
594,1211,1245,"ok",11,1209,0.0225267582669,0.0059104,0.0111694,0.0170798,35123200
595,1159,1211,"ok",19,1159,0.0217782714297,0.0091644,0.0108028,0.0199672,35123200
596,1111,1159,"ok",11,1106,0.0323645720686,0.0048511,0.0106788,0.0155299,35123200
597,1119,1111,"ok",30,1102,0.046399818973,0.0114555,0.0108721,0.0223276,35123200
598,1088,1119,"ok",11,1087,0.0228779581801,0.0038581,0.0117559,0.015614,35123200
599,1092,1088,"ok",11,1090,0.0243401500882,0.0035844,0.0110755,0.0146599,35123200
600,1072,1092,"ok",9,1072,0.02432047316,0.0035845,0.0107914,0.0143759,35123200
601,1102,1072,"ok",12,1101,0.0246391912292,0.0039295,0.0111406,0.0150701,35123200
602,1092,1102,"ok",7,1088,0.0254935563456,0.002387,0.0111193,0.0135063,35123200
603,1105,1092,"ok",7,1105,0.0234736938725,0.0024099,0.0111375,0.0135474,35123200
604,1080,1105,"ok",7,1079,0.0232787464111,0.0023428,0.0119147,0.0142575,35123200
605,1039,1080,"ok",7,1039,0.0219013368957,0.0021237,0.012694,0.0148177,35123200
606,1054,1039,"ok",4,1054,0.0198855560735,0.0011699,0.0152357,0.0164056,35123200
607,1023,1054,"ok",4,1023,0.0184909304205,0.0012937,0.0129726,0.0142663,35123200
608,1040,1023,"ok",5,1038,0.0217370987178,0.0013865,0.0122734,0.0136599,35123200
609,1051,1040,"ok",5,1049,0.023003587131,0.0016189,0.0128177,0.0144366,35123200
610,1027,1051,"ok",5,1027,0.0216753617101,0.0014401,0.0110257,0.0124658,35123200
611,982,1027,"ok",16,979,0.0232135167895,0.0048218,0.0124972,0.017319,35123200
612,960,982,"ok",14,960,0.0220441834261,0.0053134,0.0138209,0.0191343,35123200
613,932,960,"ok",11,932,0.0231178279263,0.0041585,0.0119081,0.0160666,35123200
614,893,932,"ok",10,893,0.0213149971564,0.0031567,0.012606,0.0157627,35123200
615,898,893,"ok",7,898,0.0210062770375,0.001881,0.0131456,0.0150266,35123200
616,883,898,"ok",5,883,0.0189308017999,0.0012108,0.013017,0.0142278,35123200
617,870,883,"ok",7,864,0.0600479712825,0.0020666,0.0111722,0.0132388,35123200
618,862,870,"ok",5,853,0.0438507398337,0.0011083,0.0114944,0.0126027,35123200
619,870,862,"ok",4,857,0.0515682287063,0.0008871,0.01044,0.0113271,35123200
620,887,870,"ok",6,887,0.0183680163382,0.0015002,0.0127093,0.0142095,35123200
621,889,887,"ok",30,887,0.0214689811798,0.0061807,0.0103526,0.0165333,35123200
622,853,889,"ok",8,852,0.0192301772703,0.0016154,0.0100339,0.0116493,35123200
623,854,853,"ok",11,854,0.019253708491,0.0025169,0.0100578,0.0125747,35123200
624,813,854,"ok",7,813,0.0183879368198,0.0016089,0.0104318,0.0120407,35123200
625,756,813,"ok",9,753,0.0242999841916,0.0019341,0.0114434,0.0133775,35123200
626,759,756,"ok",10,758,0.0203726899118,0.0020415,0.0099686,0.0120101,35123200
627,734,759,"ok",8,734,0.0178287743192,0.0014008,0.0097526,0.0111534,35123200
628,731,734,"ok",9,731,0.0175312732515,0.0015862,0.0100974,0.0116836,35123200
629,737,731,"ok",4,737,0.0157363669119,0.0008667,0.010399,0.0112657,35123200
630,713,737,"ok",5,713,0.0154513876324,0.0008829,0.0098893,0.0107722,35123200
631,709,713,"ok",5,709,0.0143656385752,0.0009326,0.0097483,0.0106809,35123200
632,734,709,"ok",6,734,0.0153349319883,0.0011442,0.0105747,0.0117189,35123200
633,729,734,"ok",5,729,0.0124768977855,0.001031,0.0099793,0.0110103,35123200
634,717,729,"ok",3,713,0.0200447562371,0.0007119,0.009744,0.0104559,35123200
635,736,717,"ok",4,736,0.0125711270439,0.0008493,0.0098513,0.0107006,35123200
636,733,736,"ok",5,731,0.017642452989,0.0011503,0.0100678,0.0112181,35123200
637,735,733,"ok",4,734,0.015102794286,0.0008385,0.0097849,0.0106234,35123200
638,737,735,"ok",4,737,0.0140572630645,0.0008135,0.0103538,0.0111673,35123200
639,715,737,"ok",3,715,0.0123339311767,0.0006628,0.0102381,0.0109009,35123200
640,732,715,"ok",3,732,0.0112360810854,0.000606,0.0102816,0.0108876,35123200
641,724,732,"ok",3,724,0.00919103781254,0.000553,0.0098477,0.0104007,35123200
642,728,724,"ok",2,728,0.00948941529995,0.0004186,0.0102475,0.0106661,35123200
643,733,728,"ok",3,733,0.00865914379252,0.000579,0.0108757,0.0114547,35123200
644,731,733,"ok",4,731,0.0115772065419,0.0008779,0.010827,0.0117049,35123200
645,737,731,"ok",2,737,0.00926285264843,0.0004704,0.0117577,0.0122281,35123200
646,723,737,"ok",3,723,0.00935543202264,0.0006268,0.0100179,0.0106447,35123200
647,727,723,"ok",5,727,0.0144956632656,0.0010455,0.0101742,0.0112197,35123200
648,738,727,"ok",3,738,0.0151592356543,0.0006489,0.0103549,0.0110038,35123200
649,729,738,"ok",4,729,0.0121512072411,0.0007064,0.0101116,0.010818,35123200
650,723,729,"ok",8,723,0.0149825196322,0.0014383,0.0103499,0.0117882,35123200
651,738,723,"ok",3,736,0.0181124227794,0.0006371,0.0115316,0.0121687,35123200
652,729,738,"rejected: residual_rmse_m 0.1510 > 0.1200",6,720,0.150953959803,0.0010342,0.0099677,0.0110019,35123200
653,720,729,"ok",9,720,0.0155647581268,0.0015644,0.0099087,0.0114731,35123200
654,726,720,"ok",6,723,0.0200489753497,0.0011058,0.0104263,0.0115321,35123200
655,755,726,"ok",4,754,0.0183772414519,0.0008941,0.0112403,0.0121344,35123200
656,718,755,"ok",6,717,0.0178304302563,0.0010563,0.0099735,0.0110298,35123200
657,730,718,"ok",5,720,0.0385745685762,0.0011195,0.0100301,0.0111496,35123200
658,749,730,"ok",13,744,0.0214363284416,0.0025558,0.0102932,0.012849,35123200
659,750,749,"ok",11,748,0.0220294974812,0.0021957,0.0104808,0.0126765,35123200
660,766,750,"ok",10,761,0.0306845913342,0.0019427,0.0102021,0.0121448,35123200
661,797,766,"ok",10,794,0.0227621362565,0.0020958,0.0100259,0.0121217,35123200
662,810,797,"ok",6,804,0.0277885234122,0.0013417,0.0102733,0.011615,35123200
663,819,810,"ok",11,816,0.0246823178145,0.0023459,0.0096983,0.0120442,35123200
664,840,819,"ok",5,835,0.0264130671981,0.001236,0.010086,0.011322,35123200
665,845,840,"ok",7,838,0.051127568616,0.001845,0.0104151,0.0122601,35123200
666,879,845,"ok",13,869,0.0437088963094,0.0030739,0.00995,0.0130239,35123200
667,933,879,"ok",10,932,0.0255513694861,0.0026032,0.0100875,0.0126907,35123200
668,956,933,"ok",12,952,0.0257223184346,0.0028432,0.0101999,0.0130431,35123200
669,957,956,"ok",8,951,0.0273656757434,0.001971,0.0105361,0.0125071,35123200
670,999,957,"ok",13,977,0.0692825761568,0.0040643,0.0103813,0.0144456,35123200
671,1022,999,"ok",11,1017,0.0343095746087,0.0033748,0.0113077,0.0146825,35123200
672,1050,1022,"ok",5,1045,0.0264122707656,0.0015157,0.0116417,0.0131574,35123200
673,1105,1050,"ok",7,1096,0.0292662629784,0.0020584,0.0100324,0.0120908,35123200
674,1099,1105,"ok",22,1097,0.0252279971354,0.006831,0.0104887,0.0173197,35123200
675,1075,1099,"ok",4,1074,0.0213413789662,0.0012905,0.0103953,0.0116858,35123200
676,1084,1075,"ok",6,1081,0.0223610402177,0.0018493,0.0105325,0.0123818,35123200
677,1121,1084,"ok",8,1116,0.0268760882198,0.0028945,0.0107294,0.0136239,35123200
678,1166,1121,"ok",7,1161,0.0272584301318,0.0028776,0.0127514,0.015629,35123200
679,1176,1166,"ok",6,1174,0.0226995435664,0.0021056,0.0125391,0.0146447,35123200
680,1205,1176,"ok",6,1204,0.0223326404966,0.0023481,0.0107634,0.0131115,35123200
681,1194,1205,"ok",10,1194,0.0238376857858,0.0039676,0.01175,0.0157176,35123200
682,1197,1194,"ok",9,1194,0.0285556357301,0.0037549,0.0102832,0.0140381,35123200
683,1175,1197,"ok",7,1173,0.0230223102547,0.0025132,0.0109068,0.01342,35123200
684,1180,1175,"ok",4,1178,0.0209022366214,0.0014857,0.0100406,0.0115263,35123200
685,1203,1180,"ok",10,1200,0.0254901397141,0.0036827,0.0104735,0.0141562,35123200
686,1206,1203,"ok",6,1199,0.0299449519264,0.0022859,0.0111478,0.0134337,35123200
687,1226,1206,"ok",5,1225,0.0235327577117,0.0019276,0.0104349,0.0123625,35123200
688,1196,1226,"ok",5,1192,0.02426027517,0.001892,0.0107087,0.0126007,35123200
689,1217,1196,"ok",7,1214,0.0277313018948,0.0027022,0.0107249,0.0134271,35123200
690,1196,1217,"ok",25,1182,0.103945681188,0.0098818,0.0103236,0.0202054,35123200
691,1165,1196,"ok",10,1161,0.0436552088659,0.0038198,0.0104274,0.0142472,35123200
692,1153,1165,"ok",4,1142,0.0296404456254,0.0015971,0.0102621,0.0118592,35123200
693,1138,1153,"ok",5,1134,0.0213159363457,0.0018337,0.0105338,0.0123675,35123200
694,1133,1138,"ok",4,1129,0.0252799808229,0.0014295,0.0103364,0.0117659,35123200
695,1148,1133,"ok",10,1145,0.0220588604372,0.0030719,0.0105264,0.0135983,35123200
696,1113,1148,"ok",5,1113,0.0218596478115,0.0019439,0.0114815,0.0134254,35123200
697,1176,1113,"ok",8,1172,0.0262970181264,0.0031896,0.0109728,0.0141624,35123200
698,1203,1176,"ok",8,1201,0.0248430294607,0.0032375,0.0114132,0.0146507,35123200
699,1207,1203,"ok",8,1204,0.0250212431187,0.0036121,0.0144454,0.0180575,35123200
700,1222,1207,"ok",3,1221,0.0202441191053,0.001169,0.0115909,0.0127599,35123200
701,1191,1222,"ok",4,1188,0.0218646582446,0.0015508,0.0115391,0.0130899,35123200
702,1192,1191,"ok",5,1181,0.0322148785309,0.002188,0.0128442,0.0150322,35123200
703,1164,1192,"ok",5,1163,0.0210750618541,0.0020616,0.0125196,0.0145812,35123200
704,1209,1164,"ok",7,1188,0.0466447835644,0.0027811,0.0123058,0.0150869,35123200
705,1186,1209,"ok",18,1178,0.0287855969368,0.0083307,0.0133191,0.0216498,35123200
706,1195,1186,"ok",9,1194,0.024843333693,0.0041273,0.0120365,0.0161638,35123200
707,1208,1195,"ok",16,1204,0.0261002003469,0.007878,0.0109117,0.0187897,35123200
708,1227,1208,"ok",16,1226,0.0263234262158,0.0075853,0.0118528,0.0194381,35123200
709,1185,1227,"ok",16,1181,0.0240440023526,0.006781,0.012021,0.018802,35123200
710,1122,1185,"ok",12,1121,0.0225702791131,0.0055552,0.0115873,0.0171425,35123200
711,1108,1122,"ok",13,1107,0.0241040291598,0.0047451,0.0112911,0.0160362,35123200
712,1080,1108,"ok",17,1078,0.0235361010555,0.0055562,0.0102952,0.0158514,35123200
713,1024,1080,"ok",9,1024,0.0220459787828,0.0027504,0.010551,0.0133014,35123200
714,947,1024,"ok",22,945,0.0230594681595,0.0051376,0.0115984,0.016736,35123200
715,940,947,"ok",12,940,0.0219736421562,0.0037282,0.0103536,0.0140818,35123200
716,903,940,"ok",8,902,0.0219718733517,0.0023956,0.0100619,0.0124575,35123200
717,837,903,"ok",7,836,0.0218368402611,0.0018998,0.0101056,0.0120054,35123200
718,854,837,"ok",8,854,0.0209579005623,0.0021413,0.0111405,0.0132818,35123200
719,773,854,"ok",6,773,0.0192402796445,0.0015697,0.0102972,0.0118669,35123200
720,749,773,"ok",9,749,0.0195840246118,0.0021675,0.0109287,0.0130962,35123200
721,725,749,"ok",5,725,0.0174671880386,0.0012112,0.0098146,0.0110258,35123200
722,718,725,"ok",5,712,0.022664503122,0.0011055,0.0099731,0.0110786,35123200
723,727,718,"rejected: residual_rmse_m 0.1396 > 0.1200",7,696,0.139604580534,0.0024914,0.0105616,0.013053,35123200
724,703,727,"ok",6,702,0.0187414563328,0.0013415,0.0103784,0.0117199,35123200
725,695,703,"ok",6,695,0.0166796239292,0.0011976,0.0104261,0.0116237,35123200
726,694,695,"ok",12,692,0.0182634777252,0.0020581,0.0103606,0.0124187,35123200
727,677,694,"ok",4,677,0.0147331661723,0.0007281,0.010581,0.0113091,35123200
728,678,677,"ok",6,678,0.0139397831723,0.0009529,0.0110122,0.0119651,35123200
729,645,678,"ok",3,645,0.0128592139035,0.0004815,0.0101453,0.0106268,35123200
730,650,645,"ok",3,649,0.013424815101,0.0004359,0.010403,0.0108389,35123200
731,663,650,"ok",3,663,0.0113503471815,0.0004435,0.0102867,0.0107302,35123200
732,679,663,"ok",4,679,0.0134301618853,0.0006079,0.0106861,0.011294,35123200
733,681,679,"ok",3,681,0.0108130626499,0.0004764,0.0106521,0.0111285,35123200
734,677,681,"ok",4,677,0.00891560091035,0.0007259,0.0110279,0.0117538,35123200
735,686,677,"ok",4,686,0.0100390622923,0.0008353,0.0107006,0.0115359,35123200
736,685,686,"ok",3,685,0.0105602391068,0.0004723,0.0107464,0.0112187,35123200
737,693,685,"ok",3,693,0.00862504390104,0.0005002,0.0106522,0.0111524,35123200
738,684,693,"ok",3,684,0.00831343939416,0.0004914,0.0109259,0.0114173,35123200
739,688,684,"ok",2,684,0.0990314731231,0.0003626,0.0110864,0.011449,35123200
740,702,688,"ok",3,702,0.0123860122908,0.0006714,0.0107035,0.0113749,35123200
741,689,702,"ok",3,689,0.0124962033618,0.0005449,0.011081,0.0116259,35123200
742,701,689,"ok",5,701,0.0145424829525,0.0007872,0.011135,0.0119222,35123200
743,686,701,"ok",4,686,0.0115746473999,0.0007515,0.0109277,0.0116792,35123200
744,683,686,"ok",4,683,0.0133098923429,0.0005712,0.0106843,0.0112555,35123200
745,689,683,"ok",4,689,0.013617115181,0.0007088,0.0124181,0.0131269,35123200
746,661,689,"ok",3,661,0.0083586331708,0.0004538,0.0173398,0.0177936,35123200
747,689,661,"ok",3,689,0.0130321414633,0.0005185,0.0200934,0.0206119,35123200
748,720,689,"ok",4,708,0.053654062781,0.0007052,0.0167558,0.017461,35123200
749,717,720,"ok",3,717,0.0107254765301,0.000493,0.021805,0.022298,35123200
750,700,717,"ok",4,700,0.0130379104326,0.0008621,0.0141468,0.0150089,35123200
751,706,700,"ok",3,704,0.0180263228316,0.0006234,0.0111389,0.0117623,35123200
752,697,706,"ok",3,697,0.011376059885,0.0004986,0.0123887,0.0128873,35123200
753,711,697,"ok",3,711,0.0126862877327,0.0004995,0.0128462,0.0133457,35123200
754,704,711,"ok",4,701,0.020476786233,0.0006293,0.0143687,0.014998,35123200
755,699,704,"ok",4,698,0.0131166405836,0.0005685,0.0152719,0.0158404,35123200
756,687,699,"ok",3,687,0.0107067934283,0.0005978,0.0149008,0.0154986,35123200
757,708,687,"ok",3,707,0.0149393641278,0.0006722,0.0211084,0.0217806,35123200
758,727,708,"ok",3,727,0.0124548429271,0.0005331,0.0194845,0.0200176,35123200
759,703,727,"ok",4,702,0.0129633764268,0.0005514,0.0147169,0.0152683,35123200
760,719,703,"ok",5,719,0.0127856584257,0.0008995,0.0105114,0.0114109,35123200
761,734,719,"ok",4,734,0.0141612330968,0.0009236,0.0118707,0.0127943,35123200
762,725,734,"ok",4,725,0.0112728970335,0.0006679,0.0107457,0.0114136,35123200
763,723,725,"ok",4,721,0.0168423264657,0.0006372,0.012486,0.0131232,35123200
764,710,723,"ok",3,710,0.0113522450506,0.0004621,0.0144429,0.014905,35123200
765,711,710,"ok",7,710,0.0149538549214,0.0009133,0.0168848,0.0177981,35123200
766,714,711,"ok",6,706,0.0352248565651,0.0009152,0.0136248,0.01454,35123200
767,683,714,"ok",3,683,0.0147323663139,0.0005235,0.0111608,0.0116843,35123200
768,699,683,"ok",3,699,0.0141147164502,0.0004977,0.011467,0.0119647,35123200
769,698,699,"ok",4,697,0.0145791781079,0.000576,0.0104125,0.0109885,35123200
770,689,698,"ok",4,689,0.0132325688359,0.0005496,0.0108097,0.0113593,35123200
771,692,689,"ok",4,690,0.0146325576474,0.0006573,0.0107483,0.0114056,35123200
772,699,692,"ok",3,696,0.0224720780164,0.000541,0.0125505,0.0130915,35123200
773,678,699,"ok",4,677,0.0148693970442,0.0006538,0.0102975,0.0109513,35123200
774,682,678,"ok",3,677,0.0499414222019,0.0004816,0.0122439,0.0127255,35123200
775,679,682,"ok",2,679,0.0113990467509,0.0003453,0.0118956,0.0122409,35123200
776,676,679,"ok",5,671,0.0406452364496,0.0008443,0.0107783,0.0116226,35123200
777,670,676,"ok",3,670,0.0114704885607,0.0005421,0.0106612,0.0112033,35123200
778,680,670,"ok",5,676,0.0320929823634,0.0007036,0.0103866,0.0110902,35123200
779,688,680,"ok",3,687,0.0163462487886,0.0004559,0.0109346,0.0113905,35123200
780,655,688,"ok",3,655,0.0122571096732,0.0004947,0.0105736,0.0110683,35123200
781,672,655,"ok",3,664,0.0369990843727,0.0004071,0.0115121,0.0119192,35123200
782,670,672,"ok",3,670,0.0113223497483,0.0004132,0.0181584,0.0185716,35123200
783,679,670,"ok",3,673,0.0346887567839,0.0004143,0.0276975,0.0281118,35123200
784,665,679,"ok",3,665,0.010203689796,0.0006552,0.0185593,0.0192145,35123200
785,684,665,"ok",4,673,0.0474969317855,0.0006133,0.0177928,0.0184061,35123200
786,689,684,"ok",3,689,0.0152523212031,0.0004951,0.0194049,0.0199,35123200
787,676,689,"ok",4,676,0.0141683824719,0.000822,0.0150456,0.0158676,35123200
788,680,676,"ok",3,680,0.0133469059934,0.0006088,0.0128219,0.0134307,35123200
789,697,680,"ok",3,697,0.0152542885769,0.000564,0.0109341,0.0114981,35123200
